CustomerID,ProductID,ReviewDate,Rating,ReviewText,Sentiment
77,18,2023-12-23,3,"Average  experience,  nothing  special.",Positive
80,19,2024-12-25,5,The  quality  is    top-notch.,Positive
50,13,2025-01-26,4,Five  stars  for  the  quick  delivery.,Positive
78,15,2025-04-21,3,"Good  quality,  but  could  be  cheaper.",Positive
64,2,2023-07-16,3,"Average  experience,  nothing  special.",Positive
81,1,2025-12-21,4,Customer  support  was  very  helpful.,Positive
16,1,2024-01-29,3,"Average  experience,  nothing  special.",Positive
55,8,2024-08-15,5,The  quality    is  top-notch.,Positive
3,13,2023-09-01,4,"I  love  this  product,  will  buy  again!",Positive
78,6,2024-06-17,5,"Excellent  product,  highly  recommend!",Positive
54,9,2023-07-17,4,"Great  purchase,  very  satisfied.",Positive
77,2,2025-01-13,2,Product  did    not  meet  my  expectations.,Neutral
93,6,2024-08-20,5,"Great  purchase,  very  satisfied.",Positive
23,2,2025-06-16,4,"Good  quality,  but  could  be  cheaper.",Positive
29,11,2023-01-27,5,"Great  purchase,  very  satisfied.",Positive
95,17,2023-01-06,5,"Excellent  product,  highly  recommend!",Positive
88,4,2025-10-29,3,Not  worth  the  money.,Negative
17,16,2024-11-23,4,Shipping  was  fast  and  the  item  was  well-packaged.,Positive
34,13,2024-01-04,4,The  quality  is  top-notch.,Positive
34,6,2023-04-29,1,I  had  a  bad  experience  with  this  product.,Negative
22,15,2023-04-08,5,Amazing  value  for  the  price.,Positive
52,3,2025-10-30,4,The  quality  is  top-notch.,Positive
69,18,2023-07-02,5,Five  stars  for  the  quick  delivery.,Positive
100,4,2025-07-18,3,"I  love  this    product,  will  buy  again!",Positive
55,20,2024-12-19,4,Shipping  was  fast  and  the  item  was  well-packaged.,Positive
76,11,2024-08-21,4,Five  stars  for  the  quick  delivery.,Positive
56,6,2025-11-24,4,The  quality  is  top-notch.,Positive
76,8,2025-05-27,5,Five  stars  for  the  quick  delivery.,Positive
38,13,2023-05-31,4,"I  love  this  product,  will  buy  again!",Positive
84,6,2024-03-18,4,Five  stars  for  the  quick  delivery.,Positive
93,4,2025-08-25,3,"Good  quality,  but  could  be    cheaper.",Positive
91,1,2023-07-15,4,The  quality  is  top-notch.,Positive
30,2,2023-02-21,4,Shipping  was  fast  and  the  item  was  well-packaged.,Positive
81,15,2024-03-30,5,"Excellent  product,  highly  recommend!",Positive
27,12,2024-03-13,3,"Average  experience,  nothing  special.",Positive
96,9,2025-12-05,3,"Good  quality,  but  could  be  cheaper.",Positive
38,3,2023-09-11,3,"Average  experience,  nothing    special.",Positive
45,17,2024-05-07,5,"Great  purchase,  very  satisfied.",Positive
54,1,2023-10-02,5,Customer  support  was  very  helpful.,Positive
33,2,2025-01-03,5,Five  stars    for  the  quick  delivery.,Positive
93,17,2025-05-15,3,"Average  experience,  nothing  special.",Positive
72,15,2023-03-21,5,Five  stars  for  the  quick  delivery.,Positive
84,15,2025-02-02,4,Exceeded  my    expectations!,Neutral
44,17,2023-04-20,5,"Excellent  product,    highly  recommend!",Positive
11,16,2023-03-23,3,Not  worth  the  money.,Negative
27,5,2025-05-07,4,Five  stars  for  the  quick  delivery.,Positive
19,13,2024-06-01,4,Five  stars  for  the  quick  delivery.,Positive
70,17,2023-10-08,4,Shipping  was  fast  and  the  item    was  well-packaged.,Positive
3,7,2025-06-09,3,"Good  quality,  but  could    be  cheaper.",Positive
62,4,2023-01-07,1,The  product  stopped  working  after  a  month.,Neutral
49,17,2023-04-14,4,Five  stars  for  the  quick  delivery.,Positive
75,11,2024-04-07,4,"I  love  this  product,  will  buy  again!",Positive
73,18,2025-12-28,4,Five  stars  for    the  quick  delivery.,Positive
33,8,2023-05-03,5,"Excellent  product,  highly  recommend!",Positive
57,9,2025-11-03,3,Customer  support  was    very  helpful.,Positive
15,10,2025-12-11,3,Shipping  was  fast  and  the  item  was  well-packaged.,Positive
41,10,2024-04-06,2,Disappointed  with  the  performance.,Negative
78,7,2024-07-16,2,"The  product    is  okay,  but  the  instructions  were  unclear.",Positive
98,9,2024-09-01,4,The  build  quality  is  impressive.,Positive
11,16,2023-12-27,4,"Great  purchase,  very  satisfied.",Positive
50,19,2023-02-24,4,"Great  purchase,    very  satisfied.",Positive
35,17,2023-03-18,2,"Average  experience,  nothing  special.",Positive
93,2,2025-01-05,4,Five  stars  for  the  quick  delivery.,Positive
86,11,2025-10-30,4,Customer  support  was  very  helpful.,Positive
34,3,2024-06-15,1,Not  worth  the  money.,Negative
94,16,2023-06-17,4,"I  love  this  product,  will  buy    again!",Positive
67,13,2025-04-12,3,"Average  experience,  nothing  special.",Positive
38,7,2023-03-23,3,"The  product  is  okay,  but  the  instructions  were  unclear.",Positive
77,12,2025-08-03,3,Five  stars  for  the  quick  delivery.,Positive
93,5,2024-01-30,4,Shipping  was  fast    and  the  item  was  well-packaged.,Positive
24,11,2025-07-28,3,"Good  quality,  but  could  be  cheaper.",Positive
29,4,2023-05-29,5,The    build  quality  is  impressive.,Positive
68,19,2025-05-05,5,"I  love  this  product,  will  buy  again!",Positive
59,9,2023-05-16,3,"The  product  is  okay,  but  the  instructions  were  unclear.",Positive
22,3,2024-01-13,5,Shipping  was  fast  and  the  item  was  well-packaged.,Positive
9,10,2025-08-31,4,"Great  purchase,  very  satisfied.",Positive
74,5,2023-03-15,4,"Great  purchase,    very  satisfied.",Positive
6,10,2024-12-09,5,Five  stars  for  the  quick  delivery.,Positive
84,15,2024-05-28,2,The  product  arrived    late.,Negative
98,16,2025-05-24,3,Not  worth  the  money.,Negative
3,19,2024-09-04,4,Five  stars  for  the  quick  delivery.,Positive
78,13,2023-05-02,4,Shipping    was  fast  and  the  item  was  well-packaged.,Positive
32,11,2025-05-26,4,The  quality  is    top-notch.,Positive
40,20,2023-07-17,4,"Good  quality,  but  could  be  cheaper.",Positive
17,6,2025-10-25,5,Five  stars  for  the  quick  delivery.,Positive
78,3,2025-10-06,5,"Excellent  product,  highly  recommend!",Positive
89,17,2023-05-26,3,Not    worth  the  money.,Negative
93,19,2025-08-26,4,Exceeded  my  expectations!,Neutral
60,3,2024-07-08,3,The  quality  is  top-notch.,Positive
47,17,2025-11-12,4,Five  stars  for  the  quick  delivery.,Positive
4,16,2025-09-27,3,"Great  purchase,  very  satisfied.",Positive
2,16,2023-11-21,3,Not  worth  the  money.,Negative
60,13,2024-09-05,3,Not  worth  the  money.,Negative
2,16,2025-03-14,4,The  quality  is  top-notch.,Positive
16,16,2024-04-07,4,Shipping  was  fast  and  the  item  was  well-packaged.,Positive
19,13,2023-09-02,3,"Good  quality,  but  could  be  cheaper.",Positive
64,6,2024-01-19,3,"The  product  is  okay,  but  the  instructions  were  unclear.",Positive
96,3,2025-11-20,5,Exceeded  my  expectations!,Neutral
79,16,2025-01-29,2,"Average  experience,  nothing  special.",Positive
9,2,2025-06-20,3,Not  worth  the  money.,Negative
61,18,2024-09-11,5,The  build  quality  is  impressive.,Positive
4,2,2025-08-22,5,"Excellent  product,  highly  recommend!",Positive
82,14,2024-11-17,5,The  quality  is  top-notch.,Positive
96,5,2023-01-06,4,"I  love    this  product,  will  buy  again!",Positive
32,12,2024-08-27,2,The  product    arrived  late.,Negative
94,17,2024-02-25,2,"Average  experience,  nothing  special.",Positive
26,10,2025-02-17,5,Five  stars  for    the  quick  delivery.,Positive
80,17,2023-12-22,5,Five  stars  for  the    quick  delivery.,Positive
38,10,2023-07-25,4,Customer  support  was  very  helpful.,Positive
54,12,2024-08-02,4,Customer    support  was  very  helpful.,Positive
43,7,2023-11-05,4,Five  stars  for  the  quick  delivery.,Positive
87,3,2023-05-26,5,"Excellent  product,  highly  recommend!",Positive
27,9,2024-03-31,2,Disappointed  with  the  performance.,Negative
52,19,2025-05-04,2,"Average  experience,  nothing  special.",Positive
82,9,2023-09-28,4,Five  stars  for  the  quick  delivery.,Positive
70,18,2023-07-23,4,The  quality  is  top-notch.,Positive
20,14,2025-04-19,4,Customer  support  was  very  helpful.,Positive
59,6,2024-05-01,1,The  product  arrived  late.,Negative
34,5,2025-09-06,4,"Great  purchase,  very    satisfied.",Positive
3,20,2024-08-18,4,The  quality  is  top-notch.,Positive
91,1,2025-11-02,2,"Good  quality,  but  could  be  cheaper.",Positive
83,14,2024-09-27,2,Not  worth  the  money.,Negative
93,1,2025-09-22,4,"Good  quality,  but  could  be  cheaper.",Positive
36,16,2023-07-17,5,Customer  support  was  very  helpful.,Positive
55,11,2025-12-20,5,"I  love  this  product,  will  buy  again!",Positive
32,10,2024-08-12,5,Exceeded  my  expectations!,Neutral
47,8,2025-03-25,4,"Great  purchase,  very  satisfied.",Positive
71,20,2023-12-13,2,"Average  experience,  nothing  special.",Positive
46,13,2025-02-14,4,"Good  quality,  but  could  be  cheaper.",Positive
88,3,2025-09-22,5,"Great    purchase,  very  satisfied.",Positive
42,5,2023-06-16,5,Amazing  value  for  the  price.,Positive
21,7,2025-11-13,2,Product  did  not  meet  my  expectations.,Neutral
40,4,2025-05-24,4,The  quality  is  top-notch.,Positive
74,4,2024-03-27,3,"Good  quality,  but  could    be  cheaper.",Positive
48,14,2023-06-08,4,"I  love  this  product,  will  buy  again!",Positive
17,3,2025-03-27,5,Amazing  value  for    the  price.,Positive
88,6,2023-03-02,4,"Good  quality,  but  could    be  cheaper.",Positive
28,15,2023-01-18,5,Five  stars  for  the  quick  delivery.,Positive
36,16,2023-04-20,4,Customer  support  was  very  helpful.,Positive
53,18,2023-12-03,3,"Good  quality,  but  could  be  cheaper.",Positive
98,9,2024-10-15,5,Amazing  value  for  the    price.,Positive
15,7,2023-08-04,5,"Excellent  product,  highly  recommend!",Positive
3,12,2023-04-12,3,"Average  experience,  nothing  special.",Positive
27,15,2025-08-16,4,The  build  quality  is  impressive.,Positive
27,10,2024-03-05,3,"The    product  is  okay,  but  the  instructions  were  unclear.",Positive
5,13,2025-01-09,4,"I  love  this  product,  will  buy  again!",Positive
100,20,2025-01-25,2,"Average  experience,  nothing  special.",Positive
17,18,2024-11-05,1,"Average  experience,  nothing  special.",Positive
50,3,2023-12-20,4,The  quality  is  top-notch.,Positive
4,15,2024-06-18,5,"I  love  this  product,  will  buy    again!",Positive
21,19,2023-10-30,3,"Good  quality,  but  could  be  cheaper.",Positive
32,16,2025-12-15,3,"Good  quality,  but    could  be  cheaper.",Positive
95,11,2023-11-06,5,Amazing  value  for  the  price.,Positive
3,12,2023-12-19,4,The  quality  is  top-notch.,Positive
89,3,2025-12-10,4,Customer  support  was  very  helpful.,Positive
5,7,2025-01-26,5,The  build  quality  is  impressive.,Positive
10,17,2025-10-14,2,The  product  arrived  late.,Negative
37,2,2024-04-16,5,"Great  purchase,  very  satisfied.",Positive
23,12,2023-09-01,5,"I  love  this  product,    will  buy  again!",Positive
71,9,2024-01-02,2,Not  worth  the  money.,Negative
9,18,2025-08-05,2,The  product  arrived    late.,Negative
64,20,2023-07-25,3,"Average  experience,  nothing  special.",Positive
89,7,2023-05-27,5,The  quality  is  top-notch.,Positive
25,19,2024-03-16,2,Product  did  not    meet  my  expectations.,Neutral
97,3,2025-06-03,4,The  quality  is  top-notch.,Positive
87,3,2023-11-01,3,"Good    quality,  but  could  be  cheaper.",Positive
28,16,2023-08-02,2,Product  did  not  meet    my  expectations.,Neutral
72,2,2025-12-13,3,Customer  support  was  very  helpful.,Positive
26,8,2025-09-28,5,Five  stars  for  the  quick    delivery.,Positive
53,13,2024-06-23,5,The  build  quality  is  impressive.,Positive
2,16,2024-02-16,3,Not  worth  the  money.,Negative
79,2,2024-11-23,3,Not  worth  the  money.,Negative
15,16,2025-05-30,5,Customer  support  was  very  helpful.,Positive
91,8,2024-06-23,4,"I  love  this  product,  will  buy  again!",Positive
3,6,2024-11-02,3,"Good  quality,  but  could  be  cheaper.",Positive
21,11,2023-11-23,3,"The  product  is  okay,  but  the  instructions  were  unclear.",Positive
93,19,2025-07-03,4,"I  love  this  product,  will  buy  again!",Positive
17,20,2025-05-25,4,The  quality  is    top-notch.,Positive
46,20,2025-11-26,4,"Great  purchase,  very  satisfied.",Positive
77,5,2023-03-08,4,"Great  purchase,    very  satisfied.",Positive
4,3,2024-08-09,4,The  build  quality  is  impressive.,Positive
21,11,2024-03-08,5,"Excellent  product,  highly  recommend!",Positive
13,5,2025-06-08,4,"Great  purchase,  very  satisfied.",Positive
59,5,2024-12-29,4,Shipping  was  fast  and  the  item  was  well-packaged.,Positive
8,6,2023-11-13,2,Product  did  not  meet  my  expectations.,Neutral
22,13,2023-02-17,4,The  quality  is  top-notch.,Positive
58,18,2025-05-01,4,The  quality  is  top-notch.,Positive
70,5,2025-09-19,5,Exceeded  my  expectations!,Neutral
83,7,2025-03-13,2,The  product    arrived  late.,Negative
83,3,2023-08-10,3,"Good  quality,  but  could  be  cheaper.",Positive
68,3,2024-09-05,4,"Great  purchase,    very  satisfied.",Positive
42,17,2023-08-04,5,"Excellent  product,  highly  recommend!",Positive
84,20,2024-06-21,3,"The  product  is  okay,  but  the  instructions  were    unclear.",Positive
7,7,2025-05-19,1,The  product  arrived  late.,Negative
75,5,2023-10-25,5,Amazing  value  for  the  price.,Positive
91,2,2023-10-29,3,"Average  experience,  nothing  special.",Positive
51,15,2024-11-27,4,"I  love  this  product,    will  buy  again!",Positive
57,8,2023-08-27,5,Five  stars  for  the  quick  delivery.,Positive
6,13,2024-08-20,5,The    quality  is  top-notch.,Positive
30,17,2025-01-09,3,"Good  quality,  but  could  be  cheaper.",Positive
59,6,2023-05-23,2,Not  worth  the  money.,Negative
33,9,2023-09-06,5,Amazing  value  for  the  price.,Positive
66,18,2023-11-22,3,"Average  experience,  nothing  special.",Positive
95,14,2024-11-29,4,"Great  purchase,  very    satisfied.",Positive
88,12,2023-04-06,5,Amazing  value  for  the  price.,Positive
72,14,2023-08-22,4,Shipping  was  fast  and  the  item  was  well-packaged.,Positive
95,18,2025-06-07,4,"I  love  this  product,  will  buy  again!",Positive
94,8,2023-03-25,4,"Great  purchase,  very  satisfied.",Positive
70,8,2025-11-05,3,"Average  experience,  nothing  special.",Positive
28,1,2023-12-10,2,The  product  arrived  late.,Negative
84,12,2025-03-07,4,Five  stars  for  the  quick  delivery.,Positive
87,10,2023-01-03,1,"Terrible  customer  service,  would  not  buy  again.",Negative
7,13,2024-04-09,5,Shipping  was  fast  and    the  item  was  well-packaged.,Positive
53,18,2025-04-13,3,Five  stars  for  the  quick  delivery.,Positive
55,10,2024-01-07,2,Product  did  not  meet  my  expectations.,Neutral
49,7,2023-11-14,3,"The  product  is  okay,  but  the  instructions  were  unclear.",Positive
62,11,2023-08-19,5,Amazing  value    for  the  price.,Positive
35,8,2024-09-14,4,The  quality  is  top-notch.,Positive
90,9,2023-02-18,4,Five  stars  for  the  quick  delivery.,Positive
78,9,2025-08-12,2,Disappointed  with  the  performance.,Negative
26,2,2024-10-21,4,The  build  quality  is  impressive.,Positive
54,14,2024-02-28,5,Customer  support  was  very  helpful.,Positive
37,16,2023-07-31,5,Exceeded  my  expectations!,Neutral
68,15,2023-03-27,4,"Great  purchase,    very  satisfied.",Positive
80,1,2025-09-08,3,"The  product  is  okay,  but  the  instructions  were  unclear.",Positive
60,9,2023-08-23,2,The  product  arrived  late.,Negative
74,11,2024-08-10,4,"Good    quality,  but  could  be  cheaper.",Positive
20,19,2025-10-23,2,"The  product  is  okay,  but  the  instructions  were  unclear.",Positive
69,12,2023-02-07,4,The    quality  is  top-notch.,Positive
54,11,2023-10-19,2,The  product  arrived  late.,Negative
15,16,2025-04-15,5,Five  stars  for  the  quick  delivery.,Positive
17,3,2025-10-11,5,Five  stars  for  the  quick  delivery.,Positive
81,4,2024-11-14,2,The  product  arrived  late.,Negative
80,9,2023-03-06,5,The  build  quality  is  impressive.,Positive
54,3,2024-03-18,4,Customer  support  was  very  helpful.,Positive
55,16,2025-03-03,5,"Great  purchase,  very  satisfied.",Positive
44,2,2025-09-29,4,The  quality  is  top-notch.,Positive
47,9,2023-04-18,4,"Great  purchase,  very  satisfied.",Positive
45,9,2024-01-28,5,Exceeded  my  expectations!,Neutral
20,16,2024-11-09,5,Five  stars  for  the  quick  delivery.,Positive
61,15,2024-04-22,4,Five  stars  for  the  quick  delivery.,Positive
20,20,2025-06-07,4,The  quality  is  top-notch.,Positive
24,11,2023-02-17,1,I  had  a  bad  experience  with  this  product.,Negative
36,4,2023-08-25,4,"Great  purchase,  very  satisfied.",Positive
50,3,2023-03-23,3,"Good  quality,  but  could  be  cheaper.",Positive
71,12,2023-07-23,4,The    quality  is  top-notch.,Positive
28,6,2025-11-24,5,"Excellent  product,  highly    recommend!",Positive
81,6,2023-07-15,3,"Good  quality,  but  could  be  cheaper.",Positive
75,2,2023-01-04,1,"Not    satisfied,  the  product  broke  after  a  week.",Negative
22,11,2023-09-21,1,The  product  stopped  working  after  a  month.,Neutral
16,2,2024-02-01,4,"Good  quality,  but  could  be  cheaper.",Positive
6,6,2025-03-18,5,The  build  quality  is    impressive.,Positive
75,15,2024-08-03,3,"Great  purchase,  very  satisfied.",Positive
30,19,2025-12-31,3,"Average  experience,  nothing  special.",Positive
13,16,2024-01-23,5,"I  love  this  product,  will  buy  again!",Positive
91,3,2024-02-11,4,"Good  quality,  but  could  be  cheaper.",Positive
84,13,2023-10-03,3,"Average  experience,  nothing    special.",Positive
34,7,2025-05-13,4,"Great    purchase,  very  satisfied.",Positive
75,2,2023-08-24,3,"The  product  is  okay,  but  the  instructions  were  unclear.",Positive
44,18,2024-03-07,3,"Average  experience,  nothing  special.",Positive
29,12,2024-10-15,4,Customer  support  was  very  helpful.,Positive
45,7,2024-07-07,5,Five  stars  for    the  quick  delivery.,Positive
47,8,2024-10-21,4,Customer  support  was  very  helpful.,Positive
96,18,2025-08-19,4,Shipping  was  fast  and  the    item  was  well-packaged.,Positive
22,19,2024-05-14,4,"I  love  this  product,  will  buy  again!",Positive
62,5,2025-02-22,5,"Excellent  product,    highly  recommend!",Positive
55,19,2023-12-01,3,"The  product  is    okay,  but  the  instructions  were  unclear.",Positive
98,17,2023-10-28,5,The  build  quality    is  impressive.,Positive
75,4,2023-11-18,4,The  quality  is  top-notch.,Positive
46,6,2023-09-25,1,The  color  was  different  from  what  was  shown.,Neutral
21,17,2025-08-08,5,The    build  quality  is  impressive.,Positive
39,17,2023-03-26,5,Shipping  was  fast  and  the  item  was  well-packaged.,Positive
10,2,2024-10-09,5,Shipping  was  fast  and  the  item  was  well-packaged.,Positive
93,11,2023-04-07,5,"I  love  this  product,  will  buy  again!",Positive
45,12,2023-04-03,4,Five  stars  for  the  quick  delivery.,Positive
86,1,2025-01-29,5,The  quality  is  top-notch.,Positive
22,6,2025-03-21,4,The  quality  is  top-notch.,Positive
80,20,2023-03-01,5,Amazing  value  for  the  price.,Positive
86,5,2023-07-21,5,Customer  support  was  very  helpful.,Positive
68,19,2023-11-09,4,"Good  quality,  but  could  be  cheaper.",Positive
71,5,2025-11-19,4,"I  love  this  product,  will  buy  again!",Positive
59,5,2023-02-17,3,"Average  experience,  nothing  special.",Positive
87,13,2023-02-14,5,"I  love  this  product,  will  buy  again!",Positive
89,13,2023-09-01,4,"Great  purchase,  very  satisfied.",Positive
29,3,2023-08-25,4,"Good  quality,  but  could    be  cheaper.",Positive
53,16,2023-05-04,5,"I  love  this  product,  will  buy  again!",Positive
75,6,2025-02-14,5,"I  love  this  product,  will    buy  again!",Positive
68,17,2024-06-21,5,"Excellent  product,  highly  recommend!",Positive
87,15,2023-10-04,5,Customer  support  was    very  helpful.,Positive
20,14,2024-09-23,2,"Average  experience,  nothing  special.",Positive
17,7,2025-12-06,5,"I  love  this  product,  will  buy  again!",Positive
15,7,2025-10-19,5,Customer  support  was  very  helpful.,Positive
25,13,2023-02-14,3,Not  worth    the  money.,Negative
63,13,2023-11-09,3,Not  worth  the  money.,Negative
61,6,2024-10-13,3,"The  product  is  okay,  but  the  instructions  were  unclear.",Positive
85,18,2023-12-13,4,The    quality  is  top-notch.,Positive
92,16,2023-08-06,3,"Average  experience,  nothing  special.",Positive
41,15,2025-06-13,4,Five  stars  for  the  quick  delivery.,Positive
93,13,2024-02-01,1,Product  did  not  meet  my  expectations.,Neutral
22,18,2023-05-09,2,Disappointed  with  the  performance.,Negative
6,7,2023-05-30,4,"I  love  this  product,  will  buy  again!",Positive
64,19,2024-10-08,5,The  quality  is  top-notch.,Positive
20,10,2024-04-25,4,"Great  purchase,  very  satisfied.",Positive
66,14,2023-02-01,3,"Average    experience,  nothing  special.",Positive
87,7,2023-08-25,4,Customer  support  was  very  helpful.,Positive
52,8,2025-07-19,3,"Average  experience,  nothing  special.",Positive
63,16,2025-01-08,5,Exceeded  my  expectations!,Neutral
90,14,2023-04-02,5,Shipping  was  fast  and  the  item  was  well-packaged.,Positive
70,11,2023-02-02,3,"Good  quality,  but  could  be  cheaper.",Positive
40,1,2024-11-30,5,Exceeded  my  expectations!,Neutral
52,11,2023-11-14,4,Shipping  was  fast  and  the  item  was  well-packaged.,Positive
90,3,2023-11-05,2,The  product  arrived  late.,Negative
13,3,2024-01-14,4,"I    love  this  product,  will  buy  again!",Positive
22,17,2025-10-06,2,Product  did  not  meet  my  expectations.,Neutral
32,7,2025-06-13,4,The  quality  is  top-notch.,Positive
48,4,2025-08-15,5,Five  stars  for  the  quick    delivery.,Positive
15,6,2023-08-04,3,"The  product  is  okay,  but  the  instructions  were  unclear.",Positive
97,4,2023-12-15,4,"Good  quality,  but  could  be  cheaper.",Positive
86,6,2024-12-11,5,Shipping  was  fast  and  the  item  was  well-packaged.,Positive
79,17,2023-02-24,4,The  quality  is  top-notch.,Positive
58,12,2024-04-17,4,"Good  quality,  but  could  be  cheaper.",Positive
76,13,2024-12-01,4,"Great    purchase,  very  satisfied.",Positive
47,4,2023-04-24,4,Shipping  was    fast  and  the  item  was  well-packaged.,Positive
89,5,2024-07-08,4,Shipping  was  fast  and  the  item    was  well-packaged.,Positive
78,6,2023-04-17,4,"Good  quality,  but  could  be  cheaper.",Positive
17,14,2024-06-15,4,The  quality  is  top-notch.,Positive
95,8,2023-08-25,4,The  quality  is  top-notch.,Positive
100,13,2024-02-20,2,Not  worth  the  money.,Negative
6,9,2024-12-07,3,The  quality  is  top-notch.,Positive
22,14,2023-03-18,4,The  quality  is  top-notch.,Positive
68,4,2023-08-17,5,"I  love  this  product,  will  buy  again!",Positive
2,10,2024-11-06,5,The  build  quality  is  impressive.,Positive
87,5,2024-06-02,4,"I  love  this  product,  will  buy  again!",Positive
70,9,2025-04-14,5,Five  stars  for  the  quick    delivery.,Positive
75,14,2024-03-12,5,"Great  purchase,  very  satisfied.",Positive
8,8,2024-02-07,2,The  product  arrived  late.,Negative
32,19,2024-05-22,3,"The  product  is  okay,  but  the  instructions  were  unclear.",Positive
98,4,2023-01-22,2,The  product  arrived  late.,Negative
38,2,2025-01-11,5,Exceeded  my    expectations!,Neutral
95,17,2025-09-16,5,"I  love  this  product,  will  buy  again!",Positive
62,3,2024-11-04,2,Not  worth  the  money.,Negative
19,4,2025-06-15,4,The  build  quality  is  impressive.,Positive
84,4,2025-04-13,3,"Average  experience,  nothing  special.",Positive
21,10,2025-11-02,3,Not  worth  the  money.,Negative
48,4,2024-07-24,4,"I  love  this  product,  will  buy  again!",Positive
84,15,2025-06-27,5,The  build  quality  is  impressive.,Positive
75,16,2025-08-19,1,Disappointed    with  the  performance.,Negative
52,13,2024-03-05,2,Not  worth  the  money.,Negative
26,11,2024-11-19,3,"I  love  this  product,  will  buy  again!",Positive
57,6,2025-08-22,3,Not    worth  the  money.,Negative
55,5,2023-05-02,3,"The  product  is  okay,  but    the  instructions  were  unclear.",Positive
43,11,2025-12-22,3,"Average  experience,  nothing  special.",Positive
36,15,2025-09-08,5,"Great    purchase,  very  satisfied.",Positive
50,18,2024-01-03,2,"Average  experience,  nothing  special.",Positive
59,9,2024-03-04,2,"Average  experience,  nothing  special.",Positive
86,14,2023-11-23,1,The  product  arrived  late.,Negative
1,3,2024-04-01,4,Five  stars  for  the  quick  delivery.,Positive
13,15,2023-11-20,3,"Average  experience,  nothing  special.",Positive
79,15,2024-05-04,5,Amazing  value  for  the  price.,Positive
33,15,2025-09-09,5,"Excellent  product,  highly  recommend!",Positive
71,7,2024-02-12,5,"Excellent  product,  highly  recommend!",Positive
33,11,2024-02-11,3,"The  product  is  okay,  but  the  instructions  were  unclear.",Positive
17,15,2025-04-15,4,"Good  quality,  but  could  be  cheaper.",Positive
46,8,2024-04-26,5,The  build  quality  is  impressive.,Positive
90,20,2025-10-24,3,"Good  quality,  but  could  be    cheaper.",Positive
46,7,2023-11-14,5,Shipping  was  fast  and  the  item  was  well-packaged.,Positive
96,1,2024-07-02,3,Not  worth  the    money.,Negative
34,8,2025-05-11,1,"Not  satisfied,  the  product  broke  after  a  week.",Negative
48,4,2024-12-19,4,Customer  support  was  very  helpful.,Positive
73,6,2023-04-13,4,The  quality  is  top-notch.,Positive
29,1,2024-01-20,2,Product  did  not  meet  my  expectations.,Neutral
91,6,2023-05-10,4,"I  love  this  product,  will    buy  again!",Positive
92,14,2025-07-12,1,"Average  experience,  nothing  special.",Positive
89,12,2023-02-08,1,The  product    stopped  working  after  a  month.,Neutral
73,4,2024-12-16,5,The  build  quality  is  impressive.,Positive
38,6,2023-07-03,3,"Good  quality,    but  could  be  cheaper.",Positive
77,4,2023-11-29,5,"Excellent  product,  highly  recommend!",Positive
64,9,2024-03-20,2,The  product  arrived    late.,Negative
62,4,2023-01-27,5,The    quality  is  top-notch.,Positive
52,4,2024-02-23,4,"I  love    this  product,  will  buy  again!",Positive
45,4,2024-01-24,3,"Good  quality,  but    could  be  cheaper.",Positive
38,7,2023-09-03,4,"Good  quality,    but  could  be  cheaper.",Positive
54,13,2024-09-05,5,Amazing  value  for  the  price.,Positive
20,3,2025-06-04,3,Not  worth  the  money.,Negative
81,5,2023-06-09,4,Five  stars  for  the  quick  delivery.,Positive
86,5,2024-04-09,3,"Good  quality,  but  could  be  cheaper.",Positive
42,14,2025-03-29,5,Shipping  was  fast  and  the    item  was  well-packaged.,Positive
99,1,2025-12-10,1,Disappointed  with  the  performance.,Negative
14,2,2024-09-14,5,"Excellent  product,  highly  recommend!",Positive
30,10,2023-05-22,3,"Good  quality,  but  could  be  cheaper.",Positive
98,20,2024-01-05,3,"Average  experience,  nothing  special.",Positive
93,11,2023-06-29,5,Amazing  value  for  the  price.,Positive
6,20,2024-04-18,2,Product  did  not  meet  my  expectations.,Neutral
7,4,2024-10-19,3,"The  product  is  okay,  but  the  instructions  were  unclear.",Positive
35,9,2025-04-12,4,The  quality  is  top-notch.,Positive
75,6,2025-09-12,3,"Good    quality,  but  could  be  cheaper.",Positive
11,14,2024-04-23,4,The  quality  is  top-notch.,Positive
17,7,2023-09-02,5,"I  love  this  product,  will  buy  again!",Positive
68,1,2024-07-21,3,"Average  experience,  nothing  special.",Positive
42,10,2023-06-30,3,Not  worth  the  money.,Negative
93,18,2024-04-13,4,"Good  quality,  but  could  be  cheaper.",Positive
68,12,2025-12-16,4,The  build  quality  is  impressive.,Positive
53,14,2023-06-18,3,"Good  quality,  but    could  be  cheaper.",Positive
90,7,2025-06-04,4,The  quality  is  top-notch.,Positive
43,4,2025-09-10,5,Exceeded  my    expectations!,Neutral
11,9,2025-12-15,5,Exceeded  my  expectations!,Neutral
79,11,2023-01-12,2,Disappointed  with  the    performance.,Negative
17,4,2023-12-12,5,The  build  quality  is  impressive.,Positive
59,19,2023-02-22,5,"I  love  this  product,  will  buy    again!",Positive
83,1,2023-01-11,1,Product  did  not  meet  my  expectations.,Neutral
32,15,2023-03-05,3,"The  product  is  okay,  but  the    instructions  were  unclear.",Positive
83,7,2024-05-10,4,Customer  support  was  very  helpful.,Positive
60,12,2023-08-24,5,The  build  quality  is  impressive.,Positive
59,14,2025-07-31,4,"I  love  this  product,  will  buy  again!",Positive
97,8,2025-06-04,2,Disappointed  with  the    performance.,Negative
15,17,2023-04-19,5,The  quality  is  top-notch.,Positive
9,16,2024-11-28,3,Not  worth  the  money.,Negative
94,2,2025-03-02,1,"Not  satisfied,  the  product  broke  after  a    week.",Negative
68,6,2025-09-01,1,The  color  was  different  from  what  was  shown.,Neutral
18,11,2023-06-10,5,"I  love  this    product,  will  buy  again!",Positive
75,13,2025-08-18,5,The  quality  is  top-notch.,Positive
81,17,2025-09-30,4,The  quality  is  top-notch.,Positive
76,18,2023-08-01,2,Product  did  not  meet  my  expectations.,Neutral
53,11,2024-03-21,4,Customer  support  was  very  helpful.,Positive
89,6,2025-03-04,2,Not  worth  the  money.,Negative
74,17,2024-04-07,4,Shipping  was  fast  and  the  item  was  well-packaged.,Positive
81,11,2025-08-20,4,Five  stars  for  the  quick  delivery.,Positive
58,9,2025-01-17,5,The  build    quality  is  impressive.,Positive
71,2,2023-06-08,4,Customer    support  was  very  helpful.,Positive
99,9,2025-08-03,2,"Average  experience,  nothing  special.",Positive
94,11,2023-02-10,3,Not  worth  the  money.,Negative
31,18,2025-02-14,4,"I  love  this  product,  will  buy  again!",Positive
72,2,2025-06-11,5,The  quality  is  top-notch.,Positive
7,18,2023-02-25,5,"Great  purchase,  very  satisfied.",Positive
65,1,2023-02-28,5,Amazing  value  for  the  price.,Positive
11,1,2024-01-03,4,Shipping  was  fast    and  the  item  was  well-packaged.,Positive
73,4,2023-06-24,5,"Excellent  product,  highly  recommend!",Positive
72,20,2023-09-13,5,Five  stars  for  the  quick  delivery.,Positive
67,11,2025-11-11,3,"The  product  is  okay,  but  the  instructions  were  unclear.",Positive
93,7,2023-07-22,3,Not  worth  the  money.,Negative
12,6,2023-09-03,1,Product  did    not  meet  my  expectations.,Neutral
28,8,2025-04-06,1,The  product  stopped  working  after  a  month.,Neutral
37,13,2024-01-19,3,"Good  quality,  but  could  be  cheaper.",Positive
22,16,2023-10-20,5,The  build  quality  is  impressive.,Positive
25,14,2023-05-27,3,"Good  quality,  but  could  be  cheaper.",Positive
84,14,2025-06-10,5,The  quality  is  top-notch.,Positive
38,2,2024-08-19,4,Shipping    was  fast  and  the  item  was  well-packaged.,Positive
75,12,2025-12-25,4,"Excellent  product,  highly  recommend!",Positive
43,14,2024-03-10,5,Shipping  was  fast  and  the  item  was  well-packaged.,Positive
92,4,2024-08-04,5,Amazing  value  for  the  price.,Positive
68,11,2023-04-18,5,"Excellent  product,  highly  recommend!",Positive
42,19,2024-08-28,4,"Good  quality,  but  could  be  cheaper.",Positive
100,2,2023-04-23,4,Customer  support  was  very  helpful.,Positive
27,9,2025-09-17,4,Customer  support    was  very  helpful.,Positive
79,20,2024-07-30,3,"The  product  is  okay,  but  the  instructions  were  unclear.",Positive
2,1,2024-01-09,2,Product  did  not  meet  my  expectations.,Neutral
29,1,2024-12-12,3,"The  product  is  okay,  but  the  instructions  were  unclear.",Positive
42,20,2025-07-05,4,"Good  quality,  but  could  be  cheaper.",Positive
90,17,2023-06-16,4,Five  stars  for  the  quick  delivery.,Positive
92,16,2025-08-09,4,"Good  quality,  but  could  be  cheaper.",Positive
66,5,2025-10-11,4,The  quality  is  top-notch.,Positive
85,14,2023-02-02,5,The    build  quality  is  impressive.,Positive
5,2,2025-11-02,3,"Great  purchase,  very    satisfied.",Positive
73,11,2024-05-28,4,"Great  purchase,  very    satisfied.",Positive
43,12,2025-12-14,1,Disappointed    with  the  performance.,Negative
49,16,2023-02-16,5,Shipping  was  fast  and  the  item  was  well-packaged.,Positive
29,16,2023-07-16,3,"The  product  is  okay,  but  the  instructions  were  unclear.",Positive
12,12,2024-01-09,5,"Excellent  product,  highly  recommend!",Positive
54,13,2023-10-06,4,Customer  support  was  very  helpful.,Positive
46,1,2025-10-24,4,Customer  support  was  very  helpful.,Positive
88,4,2024-04-26,5,The  quality  is  top-notch.,Positive
69,8,2024-12-05,4,Shipping  was  fast  and  the  item  was  well-packaged.,Positive
7,19,2024-08-03,1,The  product  arrived  late.,Negative
47,20,2025-05-31,3,"Good  quality,  but  could  be  cheaper.",Positive
74,20,2023-04-18,4,The  quality  is  top-notch.,Positive
54,10,2023-12-12,4,Customer  support    was  very  helpful.,Positive
91,10,2025-04-25,4,The    quality  is  top-notch.,Positive
79,6,2023-07-23,5,The  build  quality  is  impressive.,Positive
7,13,2024-12-28,4,Customer  support  was  very  helpful.,Positive
90,9,2023-07-22,5,"Great  purchase,  very  satisfied.",Positive
21,2,2024-12-02,4,Shipping  was  fast  and  the  item  was  well-packaged.,Positive
49,10,2025-07-11,5,Amazing  value  for  the  price.,Positive
28,20,2024-06-29,2,The  product  arrived  late.,Negative
36,10,2023-08-22,1,The  product  arrived  late.,Negative
66,18,2025-06-10,5,"I  love  this  product,  will  buy  again!",Positive
44,3,2024-01-20,3,Not  worth  the  money.,Negative
78,3,2025-05-01,1,I  had  a  bad  experience  with  this  product.,Negative
89,12,2025-02-24,5,Exceeded  my  expectations!,Neutral
15,8,2023-11-09,4,Five  stars    for  the  quick  delivery.,Positive
46,11,2025-07-05,4,Five  stars  for  the  quick  delivery.,Positive
59,6,2023-06-22,4,"Great  purchase,  very  satisfied.",Positive
94,20,2025-03-19,2,"The  product  is  okay,  but  the  instructions  were  unclear.",Positive
26,2,2024-07-16,5,"I  love  this  product,  will  buy  again!",Positive
2,13,2025-05-25,5,Five  stars  for  the  quick  delivery.,Positive
56,7,2023-04-26,4,Customer  support  was  very  helpful.,Positive
87,1,2024-01-29,5,Exceeded  my  expectations!,Neutral
90,6,2024-02-21,4,Customer  support  was  very  helpful.,Positive
81,17,2025-01-17,3,"The  product  is  okay,  but  the  instructions  were  unclear.",Positive
72,6,2024-08-26,4,Shipping  was  fast  and  the  item  was  well-packaged.,Positive
57,9,2025-12-20,2,Not  worth  the  money.,Negative
39,12,2023-12-01,4,Customer  support  was    very  helpful.,Positive
5,1,2025-11-10,2,Product    did  not  meet  my  expectations.,Neutral
5,16,2024-07-03,2,Product  did  not  meet    my  expectations.,Neutral
35,8,2024-01-18,4,Five  stars  for  the  quick  delivery.,Positive
82,2,2024-07-11,5,"Great  purchase,  very  satisfied.",Positive
80,8,2025-10-19,2,"Average  experience,    nothing  special.",Positive
66,3,2024-12-10,3,Customer  support    was  very  helpful.,Positive
64,14,2025-01-19,3,"Good  quality,  but  could  be    cheaper.",Positive
5,11,2024-05-25,5,The  quality  is  top-notch.,Positive
20,6,2024-11-05,4,"Great  purchase,  very  satisfied.",Positive
55,15,2025-04-01,1,Not    worth  the  money.,Negative
11,1,2025-01-15,3,Shipping  was  fast  and  the  item  was  well-packaged.,Positive
21,3,2025-11-09,5,Amazing  value    for  the  price.,Positive
72,15,2023-06-18,2,"Average  experience,  nothing  special.",Positive
89,3,2024-12-06,3,"The  product  is  okay,  but  the  instructions  were  unclear.",Positive
46,18,2025-01-03,4,The  quality    is  top-notch.,Positive
29,4,2024-03-30,5,"Great  purchase,  very    satisfied.",Positive
17,12,2024-04-27,4,"Good  quality,  but  could  be  cheaper.",Positive
58,4,2023-03-06,3,"The  product  is  okay,  but  the  instructions  were  unclear.",Positive
63,1,2024-08-24,3,"Good  quality,  but  could  be  cheaper.",Positive
47,5,2024-03-31,2,Product  did  not  meet  my  expectations.,Neutral
8,10,2023-08-04,1,Product    did  not  meet  my  expectations.,Neutral
8,12,2023-12-07,5,Shipping  was  fast  and  the  item  was  well-packaged.,Positive
27,4,2025-09-01,4,The  quality  is  top-notch.,Positive
1,1,2023-11-23,4,"I  love  this  product,  will  buy  again!",Positive
74,3,2025-05-20,3,"Good    quality,  but  could  be  cheaper.",Positive
27,14,2024-07-03,3,Not  worth    the  money.,Negative
81,16,2024-11-09,5,Five  stars  for  the  quick  delivery.,Positive
19,11,2025-05-05,4,Five  stars    for  the  quick  delivery.,Positive
48,10,2025-11-24,5,"Great  purchase,  very  satisfied.",Positive
65,3,2024-07-21,5,Exceeded  my  expectations!,Neutral
6,6,2023-05-30,5,The  quality  is  top-notch.,Positive
92,6,2024-04-06,4,The  quality  is  top-notch.,Positive
41,2,2025-07-02,4,"Great  purchase,  very  satisfied.",Positive
85,13,2023-03-25,4,"I  love  this  product,  will  buy  again!",Positive
33,19,2024-12-29,2,Not  worth  the  money.,Negative
8,9,2023-03-11,4,Shipping  was  fast  and  the  item    was  well-packaged.,Positive
29,16,2025-11-12,4,"Good  quality,  but  could  be  cheaper.",Positive
74,17,2024-12-02,4,The  quality  is  top-notch.,Positive
28,18,2025-12-09,3,"Good  quality,  but  could  be  cheaper.",Positive
73,20,2025-08-08,5,"I  love  this  product,  will  buy  again!",Positive
49,5,2023-07-11,1,"Not    satisfied,  the  product  broke  after  a  week.",Negative
64,17,2023-10-31,5,The  build  quality  is  impressive.,Positive
65,6,2023-10-29,5,The  quality  is  top-notch.,Positive
45,13,2024-06-11,4,Customer  support  was  very  helpful.,Positive
33,1,2024-11-14,5,Exceeded  my  expectations!,Neutral
28,11,2024-05-28,1,The  product  arrived  late.,Negative
40,12,2023-01-11,5,Amazing  value  for  the  price.,Positive
73,15,2025-04-06,4,Five  stars  for  the  quick    delivery.,Positive
51,12,2024-10-07,3,Shipping  was  fast  and  the  item  was  well-packaged.,Positive
45,2,2025-04-17,3,"Good  quality,  but  could  be  cheaper.",Positive
68,1,2023-07-28,4,"Great  purchase,  very  satisfied.",Positive
60,20,2025-04-26,5,Customer  support  was  very  helpful.,Positive
18,1,2024-08-16,2,The  product  arrived  late.,Negative
69,18,2025-11-24,5,Customer  support  was  very  helpful.,Positive
91,6,2025-01-04,4,"Great  purchase,  very  satisfied.",Positive
55,10,2024-07-28,3,"Great  purchase,    very  satisfied.",Positive
83,13,2025-02-11,4,"I  love  this  product,  will  buy  again!",Positive
46,12,2024-05-16,4,"I  love  this  product,  will  buy  again!",Positive
24,6,2024-11-08,5,Exceeded  my  expectations!,Neutral
6,5,2025-02-27,1,The  product  stopped  working  after  a  month.,Neutral
41,5,2024-02-25,3,Not  worth  the  money.,Negative
86,13,2025-02-27,4,"Good  quality,  but  could  be  cheaper.",Positive
9,12,2025-10-13,5,Customer  support  was  very  helpful.,Positive
60,20,2024-06-30,1,"Terrible  customer  service,  would  not    buy  again.",Negative
89,10,2025-08-15,4,Five    stars  for  the  quick  delivery.,Positive
78,16,2024-02-21,5,Shipping  was  fast  and  the  item  was  well-packaged.,Positive
17,13,2024-08-04,4,"I  love  this  product,  will  buy  again!",Positive
58,9,2024-07-17,5,Exceeded  my    expectations!,Neutral
50,15,2025-04-29,4,Customer  support  was  very  helpful.,Positive
2,8,2024-10-15,3,"Average  experience,  nothing  special.",Positive
37,16,2025-04-23,4,"Great  purchase,  very    satisfied.",Positive
57,8,2024-04-27,4,Customer  support  was  very  helpful.,Positive
72,9,2025-10-13,5,Shipping  was  fast  and  the  item  was  well-packaged.,Positive
93,14,2025-09-19,5,"Great  purchase,  very  satisfied.",Positive
71,9,2025-10-04,5,Amazing  value  for  the  price.,Positive
65,9,2024-04-18,4,"I  love  this  product,  will  buy  again!",Positive
32,15,2023-08-01,5,The  quality  is  top-notch.,Positive
24,8,2024-01-16,4,"Good  quality,  but  could  be  cheaper.",Positive
48,1,2025-04-15,3,"Average    experience,  nothing  special.",Positive
69,18,2024-03-19,4,The  quality  is  top-notch.,Positive
65,9,2023-01-29,5,Exceeded  my    expectations!,Neutral
88,8,2025-07-03,5,Five  stars  for  the  quick  delivery.,Positive
70,20,2024-12-04,4,Exceeded  my  expectations!,Neutral
87,12,2025-10-23,4,"I  love  this  product,  will  buy  again!",Positive
7,17,2023-04-11,2,Not  worth  the  money.,Negative
31,17,2025-08-31,3,Not  worth    the  money.,Negative
39,18,2025-09-03,3,Shipping  was  fast  and  the  item  was  well-packaged.,Positive
64,4,2024-03-21,3,Not    worth  the  money.,Negative
27,4,2024-09-13,3,Not  worth  the  money.,Negative
65,12,2024-10-29,5,Five  stars    for  the  quick  delivery.,Positive
100,1,2025-01-18,3,"The  product  is  okay,  but  the  instructions  were  unclear.",Positive
62,8,2025-06-12,5,The  build  quality  is  impressive.,Positive
14,4,2025-10-01,2,Not  worth  the  money.,Negative
46,5,2025-09-18,4,Exceeded    my  expectations!,Neutral
48,15,2025-06-27,3,"Good  quality,  but  could    be  cheaper.",Positive
11,1,2025-09-07,5,The  quality  is  top-notch.,Positive
3,2,2023-08-04,5,Amazing  value  for  the  price.,Positive
94,19,2025-08-01,5,Customer  support  was  very  helpful.,Positive
65,3,2025-01-11,2,Not  worth    the  money.,Negative
25,11,2025-07-31,5,Amazing    value  for  the  price.,Positive
56,8,2023-02-08,3,Not  worth  the  money.,Negative
88,4,2024-07-02,5,Exceeded  my  expectations!,Neutral
87,2,2023-06-10,3,"Average  experience,  nothing    special.",Positive
1,3,2023-06-17,3,"The  product  is  okay,  but  the  instructions  were  unclear.",Positive
48,8,2023-10-14,5,The  build  quality  is  impressive.,Positive
25,14,2025-07-07,3,"Great  purchase,  very  satisfied.",Positive
7,9,2023-03-21,4,"Great  purchase,  very  satisfied.",Positive
40,10,2025-10-23,3,"Average  experience,  nothing  special.",Positive
69,3,2025-01-29,5,"Great  purchase,  very  satisfied.",Positive
6,4,2023-12-06,2,"Average  experience,  nothing  special.",Positive
38,2,2025-06-17,4,"I  love  this  product,  will  buy  again!",Positive
48,12,2025-02-10,3,"The  product  is  okay,  but  the  instructions    were  unclear.",Positive
23,2,2025-01-20,3,"I  love  this  product,  will  buy  again!",Positive
98,1,2025-01-08,5,"Excellent    product,  highly  recommend!",Positive
38,20,2023-11-14,5,Shipping  was  fast  and  the  item  was  well-packaged.,Positive
29,15,2025-12-22,4,Customer  support  was  very  helpful.,Positive
45,7,2024-08-21,4,Shipping  was  fast  and  the  item    was  well-packaged.,Positive
68,14,2023-12-06,5,Customer  support  was  very  helpful.,Positive
100,1,2024-10-22,5,Five  stars  for  the  quick  delivery.,Positive
70,14,2025-05-13,2,The  product  arrived  late.,Negative
30,4,2025-12-22,4,The  quality    is  top-notch.,Positive
5,1,2025-06-15,3,"Good  quality,  but  could  be  cheaper.",Positive
82,14,2023-11-28,5,Customer  support  was  very  helpful.,Positive
32,10,2023-02-20,5,"Great  purchase,  very    satisfied.",Positive
38,11,2025-12-18,5,Exceeded  my  expectations!,Neutral
18,6,2023-06-26,5,Amazing  value  for    the  price.,Positive
22,4,2025-08-30,3,"Average  experience,  nothing  special.",Positive
16,20,2024-07-28,5,Exceeded  my    expectations!,Neutral
31,10,2024-08-14,4,The  quality  is    top-notch.,Positive
73,12,2024-10-30,4,"Good  quality,  but  could  be    cheaper.",Positive
40,20,2023-02-24,3,"Average  experience,    nothing  special.",Positive
52,3,2023-12-26,2,The    product  arrived  late.,Negative
27,13,2024-02-25,4,"Good  quality,  but  could  be    cheaper.",Positive
85,16,2023-02-22,3,"The  product  is  okay,  but  the  instructions  were    unclear.",Positive
37,13,2023-12-18,4,Shipping  was  fast  and  the  item  was  well-packaged.,Positive
17,7,2024-08-21,3,"Good  quality,  but  could  be  cheaper.",Positive
63,16,2025-08-23,2,"Good  quality,  but  could  be  cheaper.",Positive
14,12,2024-07-07,5,Amazing  value  for  the  price.,Positive
23,14,2024-08-09,3,"The  product  is  okay,    but  the  instructions  were  unclear.",Positive
58,9,2024-01-05,1,I  had  a  bad  experience  with  this  product.,Negative
53,17,2025-04-28,2,Disappointed  with  the  performance.,Negative
89,16,2024-01-07,5,"Excellent  product,  highly  recommend!",Positive
97,10,2023-11-25,5,Customer  support  was  very  helpful.,Positive
23,20,2023-11-02,5,Customer  support    was  very  helpful.,Positive
75,2,2023-10-09,5,"I    love  this  product,  will  buy  again!",Positive
68,2,2023-01-03,4,Customer  support  was    very  helpful.,Positive
76,5,2023-03-19,4,"I  love  this  product,  will  buy  again!",Positive
8,17,2025-02-05,2,Not  worth  the  money.,Negative
28,3,2024-11-08,4,Five  stars  for  the  quick  delivery.,Positive
38,9,2024-09-10,4,"Good  quality,  but  could  be  cheaper.",Positive
39,19,2025-05-06,5,The  quality  is  top-notch.,Positive
66,16,2025-01-14,5,Amazing  value  for  the  price.,Positive
46,8,2023-01-01,1,The  color  was  different  from  what  was  shown.,Neutral
63,16,2023-04-06,4,The  quality  is  top-notch.,Positive
17,11,2024-07-22,3,"Good  quality,    but  could  be  cheaper.",Positive
35,11,2025-10-18,5,"Excellent  product,  highly  recommend!",Positive
3,18,2025-06-16,1,Not  worth  the    money.,Negative
29,20,2023-03-16,5,The  build  quality  is  impressive.,Positive
62,5,2023-10-06,5,Shipping  was  fast  and  the  item  was  well-packaged.,Positive
40,18,2025-09-20,2,"Average  experience,  nothing  special.",Positive
15,5,2025-03-24,4,Shipping  was  fast  and  the  item  was  well-packaged.,Positive
23,10,2025-05-26,5,"Excellent  product,  highly    recommend!",Positive
31,16,2025-08-11,3,"The  product  is  okay,  but  the  instructions  were  unclear.",Positive
99,12,2024-01-03,2,Product  did  not  meet  my  expectations.,Neutral
53,19,2024-05-25,3,Not    worth  the  money.,Negative
80,14,2024-01-08,4,The  quality    is  top-notch.,Positive
55,4,2024-04-25,5,"Excellent  product,    highly  recommend!",Positive
19,19,2025-12-31,4,Five  stars  for  the  quick  delivery.,Positive
53,13,2024-03-31,5,The  build  quality  is    impressive.,Positive
24,5,2023-03-28,3,"The  product  is  okay,  but  the  instructions  were  unclear.",Positive
95,14,2025-02-15,5,"Great    purchase,  very  satisfied.",Positive
74,12,2025-10-16,4,Customer  support  was  very  helpful.,Positive
29,1,2023-08-30,3,"The  product  is  okay,  but  the  instructions  were  unclear.",Positive
24,9,2025-02-07,2,Not  worth  the  money.,Negative
6,12,2024-03-14,5,The  build  quality  is    impressive.,Positive
6,17,2024-03-29,4,Five    stars  for  the  quick  delivery.,Positive
49,9,2025-05-19,3,"Average  experience,  nothing  special.",Positive
10,8,2025-09-29,2,Not  worth  the  money.,Negative
60,20,2025-06-12,4,Exceeded  my    expectations!,Neutral
48,16,2024-03-21,5,The  quality  is  top-notch.,Positive
80,11,2023-01-05,1,"Not  satisfied,  the  product  broke  after  a  week.",Negative
22,10,2025-04-06,3,"Good  quality,  but  could  be  cheaper.",Positive
92,12,2025-01-12,2,Product  did  not  meet  my  expectations.,Neutral
86,14,2024-03-22,1,The  color  was  different  from  what  was  shown.,Neutral
31,17,2023-05-09,5,"I    love  this  product,  will  buy  again!",Positive
86,17,2023-07-16,2,Not  worth  the  money.,Negative
32,12,2025-07-07,4,Customer  support  was  very  helpful.,Positive
34,16,2025-04-23,4,Customer  support  was  very  helpful.,Positive
61,19,2023-10-11,4,Five  stars  for  the  quick  delivery.,Positive
40,7,2024-07-27,3,Five  stars  for  the  quick  delivery.,Positive
64,10,2023-12-22,3,Not  worth  the    money.,Negative
58,10,2023-08-31,5,The  build  quality  is    impressive.,Positive
27,13,2024-07-05,3,"Average  experience,  nothing  special.",Positive
13,14,2023-09-15,4,Customer  support    was  very  helpful.,Positive
48,11,2023-10-07,4,Five  stars  for  the  quick  delivery.,Positive
13,7,2024-09-21,4,"Great  purchase,  very  satisfied.",Positive
4,18,2023-06-28,3,"The  product  is  okay,  but  the  instructions  were  unclear.",Positive
42,19,2023-01-30,3,Not  worth  the  money.,Negative
14,2,2023-11-23,4,"I    love  this  product,  will  buy  again!",Positive
68,4,2023-01-02,5,Shipping  was  fast  and  the  item  was  well-packaged.,Positive
92,3,2025-02-06,3,Not  worth  the  money.,Negative
3,16,2024-04-17,5,Five  stars  for  the  quick  delivery.,Positive
8,20,2024-09-26,5,Exceeded  my  expectations!,Neutral
88,11,2025-05-25,5,Exceeded    my  expectations!,Neutral
75,5,2024-01-03,5,Exceeded  my    expectations!,Neutral
96,16,2024-08-08,2,Not  worth  the  money.,Negative
70,17,2024-01-20,5,The  build  quality  is  impressive.,Positive
1,16,2023-02-25,5,Customer  support  was  very  helpful.,Positive
88,7,2025-09-26,5,Customer  support  was  very  helpful.,Positive
39,12,2023-12-07,5,"Excellent    product,  highly  recommend!",Positive
53,17,2024-09-17,3,Not  worth  the  money.,Negative
55,12,2024-12-12,4,"I  love  this  product,  will  buy  again!",Positive
76,2,2023-01-11,4,"Good  quality,  but  could  be  cheaper.",Positive
13,2,2024-03-26,4,"Great  purchase,  very  satisfied.",Positive
64,2,2023-08-12,3,"Good  quality,  but  could  be  cheaper.",Positive
82,1,2025-03-07,5,Exceeded  my  expectations!,Neutral
30,20,2023-05-19,1,"Terrible  customer  service,  would  not  buy  again.",Negative
24,4,2025-12-03,2,"The  product  is  okay,  but  the  instructions  were  unclear.",Positive
41,4,2025-08-05,5,Shipping  was  fast  and  the  item  was    well-packaged.,Positive
4,15,2024-09-25,2,Not    worth  the  money.,Negative
68,16,2025-10-14,4,The  quality  is  top-notch.,Positive
84,7,2023-11-22,2,The  product  arrived  late.,Negative
31,3,2024-01-21,4,Shipping  was  fast  and  the  item  was  well-packaged.,Positive
13,6,2025-09-30,4,The  quality  is  top-notch.,Positive
33,20,2024-10-16,5,Customer  support  was    very  helpful.,Positive
39,1,2025-09-24,3,"Average  experience,  nothing  special.",Positive
30,1,2024-08-23,5,Customer  support  was  very  helpful.,Positive
99,9,2023-03-17,1,Not  worth  the  money.,Negative
67,6,2025-01-15,4,The  quality  is    top-notch.,Positive
4,7,2023-07-13,5,The  build    quality  is  impressive.,Positive
56,20,2025-03-02,4,"Excellent  product,  highly  recommend!",Positive
75,13,2024-11-07,4,Customer  support  was  very  helpful.,Positive
63,2,2024-03-10,5,Five  stars  for  the  quick  delivery.,Positive
22,15,2024-03-02,4,Customer  support  was  very  helpful.,Positive
72,6,2023-10-17,5,"Excellent  product,  highly  recommend!",Positive
45,15,2023-10-11,3,Not  worth  the  money.,Negative
3,12,2025-08-22,4,"Good  quality,  but  could  be  cheaper.",Positive
70,18,2023-07-05,3,"Average  experience,  nothing  special.",Positive
33,5,2025-02-05,2,"Good  quality,  but  could  be  cheaper.",Positive
3,9,2025-05-24,3,Not    worth  the  money.,Negative
84,7,2025-03-03,3,"Good  quality,  but  could  be  cheaper.",Positive
89,3,2023-05-15,3,Not  worth  the  money.,Negative
63,19,2023-03-31,3,Not  worth  the  money.,Negative
85,12,2024-05-17,5,Exceeded  my  expectations!,Neutral
24,13,2024-03-28,5,"I  love    this  product,  will  buy  again!",Positive
84,1,2023-04-27,5,"I  love  this  product,  will  buy  again!",Positive
100,13,2025-09-15,3,"Great  purchase,    very  satisfied.",Positive
64,13,2025-06-28,2,Not  worth  the  money.,Negative
3,5,2024-06-20,4,The    quality  is  top-notch.,Positive
58,17,2025-07-11,5,"I  love  this  product,  will  buy  again!",Positive
7,12,2024-10-11,1,Not  worth  the  money.,Negative
94,4,2023-01-29,5,The  build  quality  is  impressive.,Positive
55,11,2025-07-11,4,The  quality  is  top-notch.,Positive
27,15,2024-03-31,4,"Great  purchase,  very  satisfied.",Positive
94,8,2025-03-25,4,"Good  quality,  but  could  be  cheaper.",Positive
8,13,2023-09-27,4,Shipping  was  fast  and  the  item  was  well-packaged.,Positive
53,1,2024-05-23,2,"Average  experience,  nothing    special.",Positive
21,16,2024-12-13,2,Product  did  not  meet  my  expectations.,Neutral
100,5,2025-12-18,3,Not    worth  the  money.,Negative
49,16,2025-03-17,3,Customer  support  was  very  helpful.,Positive
39,13,2025-05-31,4,Shipping  was  fast  and  the  item  was  well-packaged.,Positive
54,16,2023-08-16,3,"The  product  is  okay,  but  the  instructions  were  unclear.",Positive
84,11,2024-07-08,1,"Terrible  customer  service,  would  not  buy  again.",Negative
74,18,2024-12-11,1,Disappointed  with  the  performance.,Negative
83,7,2025-07-31,4,Five  stars  for  the  quick  delivery.,Positive
48,11,2023-10-09,5,Exceeded    my  expectations!,Neutral
24,16,2023-02-18,4,Shipping  was  fast  and  the  item  was  well-packaged.,Positive
77,7,2024-09-02,5,"Excellent  product,    highly  recommend!",Positive
52,1,2025-02-02,4,Customer  support  was  very  helpful.,Positive
32,12,2025-03-21,4,"Good  quality,  but  could  be  cheaper.",Positive
62,4,2023-09-13,4,Five    stars  for  the  quick  delivery.,Positive
17,14,2024-06-21,2,Disappointed  with  the  performance.,Negative
46,6,2025-12-10,5,"Great  purchase,    very  satisfied.",Positive
13,16,2025-08-31,4,"Great  purchase,  very    satisfied.",Positive
17,13,2023-01-12,5,Customer  support  was  very  helpful.,Positive
81,6,2024-02-14,5,Five  stars  for  the  quick  delivery.,Positive
97,7,2025-06-11,5,The  quality  is    top-notch.,Positive
66,17,2025-05-25,5,Five  stars  for  the  quick  delivery.,Positive
83,1,2025-10-23,5,The  build  quality  is  impressive.,Positive
68,13,2024-06-06,5,Exceeded  my  expectations!,Neutral
25,3,2024-08-19,5,Customer  support  was  very  helpful.,Positive
21,18,2024-11-30,5,The  build  quality  is  impressive.,Positive
22,16,2024-12-09,2,"The  product  is  okay,  but  the  instructions  were  unclear.",Positive
9,10,2025-10-11,4,"I  love  this  product,  will  buy  again!",Positive
37,13,2025-07-29,5,Five  stars  for  the  quick  delivery.,Positive
59,5,2024-08-08,3,"Average  experience,  nothing  special.",Positive
83,15,2025-05-16,3,Customer  support  was    very  helpful.,Positive
7,17,2023-04-08,5,Amazing  value  for  the  price.,Positive
73,9,2024-06-08,4,Shipping  was  fast  and  the  item  was  well-packaged.,Positive
11,18,2023-06-27,3,"Average  experience,  nothing    special.",Positive
88,14,2023-07-29,3,"The  product  is    okay,  but  the  instructions  were  unclear.",Positive
53,7,2025-05-21,5,"I  love  this  product,  will  buy  again!",Positive
24,17,2024-12-03,5,"Excellent  product,  highly  recommend!",Positive
4,14,2024-12-16,5,Customer  support  was  very  helpful.,Positive
27,17,2025-02-27,5,The  build  quality  is  impressive.,Positive
68,19,2025-02-22,5,The  quality  is    top-notch.,Positive
95,13,2023-08-22,2,"Average  experience,  nothing  special.",Positive
96,9,2025-07-17,3,"Average  experience,  nothing  special.",Positive
74,8,2024-05-23,5,Five  stars  for  the  quick  delivery.,Positive
36,10,2023-01-09,2,Not  worth  the  money.,Negative
12,16,2023-03-04,5,Shipping  was  fast  and  the  item  was  well-packaged.,Positive
6,11,2023-09-22,4,"I  love  this  product,  will  buy  again!",Positive
16,8,2025-09-22,3,"Good  quality,  but  could  be  cheaper.",Positive
76,20,2024-10-28,2,Not  worth  the  money.,Negative
18,9,2023-08-28,5,The  quality  is  top-notch.,Positive
68,8,2025-03-06,3,"The  product  is  okay,  but  the  instructions  were  unclear.",Positive
49,6,2025-12-12,3,"Good  quality,  but  could  be    cheaper.",Positive
37,17,2023-08-20,2,Product  did  not  meet  my    expectations.,Neutral
56,2,2025-06-24,2,Disappointed  with  the  performance.,Negative
10,2,2024-01-28,3,"The  product  is  okay,  but  the  instructions  were  unclear.",Positive
80,20,2025-04-19,4,"I  love  this  product,  will    buy  again!",Positive
58,15,2024-03-28,5,The  quality  is  top-notch.,Positive
93,3,2024-10-28,3,Not  worth  the  money.,Negative
72,6,2025-11-19,1,I  had  a  bad  experience    with  this  product.,Negative
91,1,2024-01-11,4,"Great  purchase,    very  satisfied.",Positive
6,15,2024-11-17,3,Five  stars  for  the  quick  delivery.,Positive
55,20,2023-12-11,3,"Average  experience,  nothing    special.",Positive
20,15,2024-05-12,4,Shipping  was  fast  and  the  item    was  well-packaged.,Positive
47,19,2023-04-10,3,Not  worth  the  money.,Negative
98,12,2025-10-19,3,"The  product  is  okay,  but  the  instructions  were  unclear.",Positive
47,15,2023-01-28,4,"Great  purchase,  very  satisfied.",Positive
59,14,2024-09-29,5,Five    stars  for  the  quick  delivery.,Positive
77,13,2024-07-30,3,"Good  quality,  but  could  be  cheaper.",Positive
21,18,2023-01-10,1,"Not  satisfied,  the  product  broke  after  a  week.",Negative
8,11,2024-10-29,4,"Great  purchase,  very  satisfied.",Positive
84,18,2025-04-05,5,Shipping  was  fast  and  the  item  was  well-packaged.,Positive
53,20,2025-02-28,5,"I  love  this  product,  will  buy  again!",Positive
31,9,2023-05-17,4,"Great  purchase,  very  satisfied.",Positive
61,19,2025-07-23,2,"Average  experience,  nothing    special.",Positive
48,17,2025-08-30,3,Not  worth  the  money.,Negative
44,17,2024-04-23,3,"Average  experience,  nothing  special.",Positive
31,18,2023-08-29,5,Exceeded  my    expectations!,Neutral
74,1,2025-09-21,2,"Average    experience,  nothing  special.",Positive
12,12,2024-05-07,5,Exceeded  my  expectations!,Neutral
52,9,2023-10-25,1,Product  did    not  meet  my  expectations.,Neutral
19,16,2023-12-11,5,Customer  support  was  very  helpful.,Positive
61,17,2024-04-21,5,Shipping  was  fast  and  the    item  was  well-packaged.,Positive
79,7,2024-08-02,4,Shipping    was  fast  and  the  item  was  well-packaged.,Positive
44,10,2023-01-30,4,The  quality  is  top-notch.,Positive
88,10,2023-08-25,3,"The  product  is  okay,  but  the  instructions  were  unclear.",Positive
70,17,2024-10-03,5,The  build  quality  is  impressive.,Positive
51,13,2025-08-28,2,Not  worth    the  money.,Negative
66,10,2023-07-01,4,"I  love  this  product,  will    buy  again!",Positive
89,7,2023-07-26,3,"The  product  is  okay,  but  the  instructions  were  unclear.",Positive
17,17,2024-04-22,4,The  quality  is  top-notch.,Positive
6,5,2025-05-29,1,"Terrible  customer  service,  would  not  buy  again.",Negative
6,18,2023-03-08,1,The  product  stopped  working  after  a  month.,Neutral
78,10,2025-02-01,2,"Good  quality,  but  could  be  cheaper.",Positive
89,12,2023-07-24,4,The  quality  is  top-notch.,Positive
31,12,2025-11-29,5,The  quality  is  top-notch.,Positive
37,11,2024-12-03,4,Customer  support  was  very  helpful.,Positive
42,11,2023-05-19,3,"The  product  is  okay,  but    the  instructions  were  unclear.",Positive
7,5,2025-06-09,5,Shipping  was  fast    and  the  item  was  well-packaged.,Positive
2,7,2024-01-08,2,Not  worth  the  money.,Negative
23,6,2023-01-03,5,Customer  support  was  very  helpful.,Positive
11,15,2023-10-17,4,"Great  purchase,  very  satisfied.",Positive
92,17,2025-05-05,3,"Average  experience,  nothing  special.",Positive
6,19,2024-06-25,5,Amazing  value  for  the  price.,Positive
27,5,2025-01-26,3,Not  worth    the  money.,Negative
70,8,2024-04-18,5,"I  love  this  product,  will  buy  again!",Positive
4,10,2025-01-17,2,Disappointed  with  the  performance.,Negative
93,5,2025-07-05,3,"The  product  is  okay,  but  the    instructions  were  unclear.",Positive
85,1,2025-01-16,4,Customer  support  was  very    helpful.,Positive
17,13,2025-03-03,4,"Good  quality,  but  could  be  cheaper.",Positive
36,16,2025-03-03,5,Customer  support  was  very  helpful.,Positive
7,8,2023-07-20,1,"Terrible  customer  service,  would  not  buy  again.",Negative
10,14,2024-11-01,4,Customer  support  was  very  helpful.,Positive
18,3,2023-02-02,4,Five  stars  for  the  quick  delivery.,Positive
19,2,2023-03-19,3,"Average  experience,  nothing  special.",Positive
3,5,2024-03-20,5,The    build  quality  is  impressive.,Positive
96,3,2025-04-14,2,Product  did    not  meet  my  expectations.,Neutral
82,15,2025-06-21,5,Shipping  was  fast  and  the  item  was  well-packaged.,Positive
78,8,2025-11-09,4,The  build  quality  is  impressive.,Positive
44,20,2023-11-27,4,"Good  quality,  but  could  be  cheaper.",Positive
10,19,2024-06-19,1,The  product  stopped  working  after  a  month.,Neutral
78,14,2024-08-28,3,"The  product  is  okay,  but  the  instructions  were  unclear.",Positive
24,10,2025-05-26,2,"Average  experience,  nothing  special.",Positive
2,6,2023-09-16,4,"Great  purchase,  very  satisfied.",Positive
29,13,2023-07-31,5,"Excellent  product,  highly  recommend!",Positive
63,2,2023-04-25,4,"I  love  this  product,  will  buy  again!",Positive
6,7,2024-10-08,4,"Great  purchase,  very  satisfied.",Positive
4,9,2023-07-08,4,"Great  purchase,  very  satisfied.",Positive
24,2,2023-11-08,5,Amazing  value  for  the  price.,Positive
58,6,2024-09-10,5,Customer  support  was  very  helpful.,Positive
95,15,2025-02-14,5,Customer  support  was  very  helpful.,Positive
38,10,2025-03-17,2,"Average  experience,  nothing  special.",Positive
83,4,2023-01-05,1,I  had  a  bad  experience  with  this  product.,Negative
45,15,2024-10-02,4,"Great    purchase,  very  satisfied.",Positive
59,5,2024-07-25,1,Product  did  not  meet  my  expectations.,Neutral
48,9,2025-02-26,3,Not  worth  the  money.,Negative
27,4,2025-08-01,4,"Great  purchase,  very    satisfied.",Positive
51,3,2024-02-06,4,Customer  support  was  very  helpful.,Positive
82,4,2023-06-23,3,"The  product  is  okay,  but  the  instructions  were  unclear.",Positive
38,4,2024-10-28,5,Exceeded  my  expectations!,Neutral
40,20,2025-10-17,4,Five  stars  for  the  quick  delivery.,Positive
48,5,2025-01-05,2,"The  product  is  okay,  but  the  instructions  were  unclear.",Positive
76,15,2023-09-18,5,Shipping  was  fast  and  the  item  was  well-packaged.,Positive
89,9,2024-01-02,4,"Good  quality,  but  could  be  cheaper.",Positive
10,5,2025-04-04,3,"The  product  is  okay,  but  the  instructions  were    unclear.",Positive
16,19,2023-02-15,4,The  quality  is  top-notch.,Positive
75,13,2025-07-02,4,"Great  purchase,  very  satisfied.",Positive
69,5,2025-10-05,4,Customer  support    was  very  helpful.,Positive
68,9,2025-12-24,4,Five  stars  for  the  quick  delivery.,Positive
82,4,2024-05-05,2,Not    worth  the  money.,Negative
92,17,2025-02-27,4,Five  stars  for  the  quick  delivery.,Positive
67,3,2023-10-21,5,Customer  support  was  very  helpful.,Positive
37,9,2025-03-28,3,Not  worth  the  money.,Negative
59,7,2023-09-08,4,"I  love  this  product,  will  buy  again!",Positive
92,5,2023-06-14,4,The  quality  is  top-notch.,Positive
93,6,2024-06-27,1,Product  did    not  meet  my  expectations.,Neutral
100,2,2025-10-27,2,Disappointed  with  the  performance.,Negative
64,5,2024-09-06,4,Customer  support  was  very  helpful.,Positive
81,19,2023-03-04,5,"Great    purchase,  very  satisfied.",Positive
55,5,2024-12-21,1,I  had  a  bad  experience  with  this  product.,Negative
40,5,2024-10-05,2,Not  worth  the  money.,Negative
44,20,2025-05-17,4,The  quality  is  top-notch.,Positive
50,4,2024-09-09,3,"The  product    is  okay,  but  the  instructions  were  unclear.",Positive
37,18,2025-02-14,1,"Terrible  customer  service,  would  not  buy  again.",Negative
28,1,2025-04-13,4,Customer  support  was  very  helpful.,Positive
93,11,2023-06-26,5,"Great  purchase,  very  satisfied.",Positive
92,4,2025-07-22,4,"Good  quality,  but  could  be  cheaper.",Positive
3,20,2024-02-07,5,"Excellent  product,  highly    recommend!",Positive
62,19,2024-12-20,3,Customer  support    was  very  helpful.,Positive
2,20,2025-02-10,1,"Terrible  customer  service,  would    not  buy  again.",Negative
86,12,2023-06-17,4,Five  stars  for  the  quick  delivery.,Positive
21,4,2024-08-08,4,"Good  quality,  but  could  be  cheaper.",Positive
10,9,2024-05-25,4,Customer  support  was  very  helpful.,Positive
47,5,2024-10-09,5,Amazing  value  for  the  price.,Positive
83,19,2024-08-05,4,Five  stars  for  the  quick  delivery.,Positive
73,8,2023-09-27,5,"Excellent  product,  highly  recommend!",Positive
11,20,2023-08-26,5,The  build  quality  is  impressive.,Positive
83,12,2023-01-11,3,Not  worth  the  money.,Negative
44,3,2023-04-26,5,"I  love  this    product,  will  buy  again!",Positive
71,12,2025-08-28,5,"I  love  this  product,  will  buy  again!",Positive
99,15,2023-09-23,4,"Good  quality,  but  could  be  cheaper.",Positive
96,9,2023-06-08,4,"Great  purchase,    very  satisfied.",Positive
29,12,2024-07-08,5,Shipping  was  fast  and  the  item  was  well-packaged.,Positive
42,6,2024-08-09,5,Customer  support  was  very  helpful.,Positive
15,12,2025-09-12,4,"Great    purchase,  very  satisfied.",Positive
13,9,2023-05-21,4,Five  stars  for  the  quick  delivery.,Positive
69,2,2023-02-19,5,"Excellent  product,  highly  recommend!",Positive
70,19,2023-04-15,5,"Great  purchase,  very  satisfied.",Positive
72,2,2024-08-11,4,The  quality  is  top-notch.,Positive
46,5,2025-12-05,4,Shipping  was  fast  and  the  item  was  well-packaged.,Positive
96,7,2023-08-28,2,Disappointed  with  the  performance.,Negative
86,18,2025-11-02,2,"Average  experience,  nothing  special.",Positive
29,10,2025-01-22,5,Shipping  was  fast    and  the  item  was  well-packaged.,Positive
55,15,2025-08-25,1,Product  did    not  meet  my  expectations.,Neutral
96,9,2024-02-09,5,Customer  support  was  very  helpful.,Positive
80,15,2024-07-11,2,Not  worth  the  money.,Negative
46,15,2025-01-14,5,Customer  support  was  very  helpful.,Positive
29,3,2025-11-22,4,Five  stars  for  the  quick  delivery.,Positive
26,8,2025-03-13,5,Shipping    was  fast  and  the  item  was  well-packaged.,Positive
53,12,2023-03-15,4,"Great  purchase,  very  satisfied.",Positive
33,2,2024-10-26,2,"Average  experience,  nothing  special.",Positive
37,15,2024-02-26,4,"I  love  this  product,  will  buy    again!",Positive
45,1,2023-08-17,1,Not  worth  the  money.,Negative
85,9,2025-01-01,5,Amazing  value  for  the  price.,Positive
81,2,2024-03-23,4,Customer  support  was  very  helpful.,Positive
74,20,2024-07-10,5,"I  love  this    product,  will  buy  again!",Positive
95,18,2024-10-16,4,"Good  quality,  but  could  be    cheaper.",Positive
36,6,2023-11-17,2,Product  did  not  meet  my  expectations.,Neutral
60,18,2024-06-11,4,"Great  purchase,    very  satisfied.",Positive
25,7,2024-12-15,5,"Excellent  product,  highly  recommend!",Positive
21,6,2025-09-30,4,"Good  quality,  but  could  be  cheaper.",Positive
94,12,2024-04-22,5,The  build    quality  is  impressive.,Positive
46,14,2024-08-07,5,The  quality  is  top-notch.,Positive
48,4,2023-04-09,3,"The  product  is  okay,  but  the  instructions  were  unclear.",Positive
43,2,2024-05-26,3,Not  worth  the  money.,Negative
5,5,2024-12-17,4,The  quality  is  top-notch.,Positive
18,19,2024-08-01,5,Exceeded    my  expectations!,Neutral
4,4,2024-01-23,4,"I  love  this  product,  will  buy  again!",Positive
13,6,2024-03-01,4,The  quality  is  top-notch.,Positive
84,15,2023-06-12,3,Not  worth  the  money.,Negative
80,7,2023-03-30,4,Shipping  was  fast  and  the  item    was  well-packaged.,Positive
44,10,2023-06-28,3,"Good  quality,  but  could    be  cheaper.",Positive
46,13,2025-07-18,5,Customer  support  was  very  helpful.,Positive
14,4,2024-03-16,4,"Good  quality,  but  could  be  cheaper.",Positive
92,14,2023-07-14,2,"Average  experience,  nothing  special.",Positive
48,10,2023-05-13,3,"The  product  is    okay,  but  the  instructions  were  unclear.",Positive
63,7,2023-11-28,4,"Great  purchase,  very  satisfied.",Positive
31,19,2024-05-28,5,Customer  support  was  very  helpful.,Positive
88,11,2023-08-23,3,"The  product  is  okay,  but  the    instructions  were  unclear.",Positive
78,11,2025-10-23,2,Not  worth  the  money.,Negative
20,7,2025-11-30,5,The  build  quality  is  impressive.,Positive
37,16,2024-09-15,4,"I  love  this  product,  will  buy  again!",Positive
14,14,2025-04-06,4,"I  love  this  product,  will  buy  again!",Positive
93,19,2023-06-11,4,"Great    purchase,  very  satisfied.",Positive
7,4,2023-05-05,4,Customer  support  was  very  helpful.,Positive
97,18,2025-03-10,4,Customer  support  was  very  helpful.,Positive
77,2,2023-08-16,3,Not  worth  the  money.,Negative
27,12,2025-01-10,2,"Good  quality,  but  could  be  cheaper.",Positive
62,5,2025-11-27,5,Customer  support  was  very  helpful.,Positive
17,8,2025-07-29,3,"The  product  is  okay,  but  the  instructions  were  unclear.",Positive
85,10,2025-01-05,5,Exceeded  my  expectations!,Neutral
82,1,2023-10-03,4,"I  love  this  product,  will  buy  again!",Positive
34,11,2025-05-18,4,Five  stars  for  the  quick  delivery.,Positive
37,8,2023-05-28,4,"I  love  this  product,  will  buy  again!",Positive
86,12,2025-11-17,4,"Good  quality,  but  could  be  cheaper.",Positive
72,13,2023-12-06,3,"The  product  is  okay,  but  the  instructions  were  unclear.",Positive
25,15,2025-05-15,4,Five  stars  for  the  quick  delivery.,Positive
14,16,2025-03-31,5,Five  stars  for  the  quick  delivery.,Positive
53,10,2024-01-14,4,Customer  support  was  very  helpful.,Positive
82,17,2024-10-23,4,"Good  quality,  but  could  be  cheaper.",Positive
87,2,2023-06-14,5,Exceeded  my  expectations!,Neutral
49,9,2024-02-15,5,Amazing  value    for  the  price.,Positive
60,13,2025-09-05,3,"Average  experience,  nothing  special.",Positive
31,3,2025-11-21,2,"The  product  is  okay,  but  the  instructions  were    unclear.",Positive
3,3,2025-05-17,3,"Good  quality,  but  could  be  cheaper.",Positive
80,19,2023-10-11,5,Shipping  was  fast  and  the  item  was  well-packaged.,Positive
26,3,2025-02-25,2,Not    worth  the  money.,Negative
32,8,2025-07-12,4,"I  love  this  product,  will  buy  again!",Positive
81,20,2023-04-16,4,Five  stars  for  the  quick  delivery.,Positive
25,2,2023-03-05,2,Not  worth  the  money.,Negative
30,16,2025-08-27,2,Product  did  not  meet  my  expectations.,Neutral
84,13,2025-05-26,5,"Great  purchase,  very  satisfied.",Positive
44,20,2024-07-29,2,Not  worth    the  money.,Negative
25,12,2023-07-12,4,Five  stars  for  the  quick  delivery.,Positive
100,5,2025-09-02,3,"Average  experience,  nothing  special.",Positive
49,20,2024-03-16,4,"Great  purchase,  very  satisfied.",Positive
71,5,2025-01-23,3,Not    worth  the  money.,Negative
77,18,2023-10-19,4,Shipping  was  fast  and  the  item  was  well-packaged.,Positive
85,19,2025-11-05,3,Shipping  was  fast  and  the  item  was  well-packaged.,Positive
31,16,2025-02-17,3,"Good  quality,  but  could    be  cheaper.",Positive
90,12,2023-11-10,3,"Good  quality,  but  could  be  cheaper.",Positive
22,14,2025-07-20,3,Not    worth  the  money.,Negative
66,3,2023-04-17,3,"Good  quality,  but  could  be  cheaper.",Positive
66,6,2025-11-14,3,"The  product  is  okay,  but  the  instructions  were  unclear.",Positive
46,16,2024-10-02,5,"I  love  this  product,  will  buy  again!",Positive
28,1,2024-05-22,3,"Average  experience,  nothing  special.",Positive
46,17,2025-06-03,4,"Great  purchase,  very  satisfied.",Positive
74,11,2023-02-16,4,Shipping  was  fast  and  the  item  was  well-packaged.,Positive
34,19,2024-02-04,1,Not  worth  the  money.,Negative
77,9,2023-11-25,5,Exceeded  my  expectations!,Neutral
24,7,2025-08-16,2,Disappointed  with  the  performance.,Negative
66,16,2024-05-20,4,"Great  purchase,  very  satisfied.",Positive
22,13,2024-05-28,3,Not  worth    the  money.,Negative
15,1,2024-11-25,3,Five  stars  for  the  quick  delivery.,Positive
100,19,2024-03-02,5,The  build  quality  is    impressive.,Positive
19,18,2024-04-14,4,"Great    purchase,  very  satisfied.",Positive
68,1,2023-10-06,3,Not  worth  the  money.,Negative
29,12,2025-01-06,4,Five  stars  for  the  quick  delivery.,Positive
79,1,2024-03-22,4,"I  love  this  product,  will  buy  again!",Positive
33,19,2024-12-14,3,"The  product  is    okay,  but  the  instructions  were  unclear.",Positive
45,8,2025-05-17,1,The  product  arrived  late.,Negative
6,5,2025-10-09,5,"Great  purchase,  very  satisfied.",Positive
25,17,2025-11-18,3,Customer  support  was  very  helpful.,Positive
50,2,2023-05-26,5,Five  stars  for    the  quick  delivery.,Positive
83,8,2024-06-14,5,"Excellent  product,  highly    recommend!",Positive
63,5,2024-03-16,2,The  product  arrived  late.,Negative
55,5,2023-08-14,4,The  quality  is  top-notch.,Positive
6,16,2024-02-29,5,Five  stars  for  the  quick  delivery.,Positive
82,17,2024-03-27,3,"The  product  is  okay,  but  the  instructions  were  unclear.",Positive
17,7,2024-10-18,3,"Average  experience,    nothing  special.",Positive
68,17,2023-09-14,2,Not  worth  the  money.,Negative
49,17,2024-09-13,3,Shipping  was  fast  and  the  item  was  well-packaged.,Positive
32,16,2024-11-16,3,"Great  purchase,  very  satisfied.",Positive
67,2,2023-12-23,2,Not  worth  the  money.,Negative
15,10,2023-05-05,3,"Good  quality,  but  could  be    cheaper.",Positive
64,7,2023-12-17,4,"Great  purchase,  very  satisfied.",Positive
93,13,2023-11-21,5,"Great  purchase,    very  satisfied.",Positive
5,6,2025-09-21,4,"Good  quality,    but  could  be  cheaper.",Positive
32,16,2024-09-02,3,"The    product  is  okay,  but  the  instructions  were  unclear.",Positive
33,9,2023-03-21,5,Exceeded  my  expectations!,Neutral
81,6,2025-08-29,4,The  quality  is    top-notch.,Positive
50,7,2024-05-09,5,Amazing  value  for  the  price.,Positive
61,15,2025-08-16,2,"The  product  is  okay,  but  the  instructions  were  unclear.",Positive
84,9,2025-03-05,4,Shipping  was  fast  and  the  item  was  well-packaged.,Positive
23,20,2025-08-16,3,Not  worth  the  money.,Negative
23,7,2024-09-16,4,"Great  purchase,  very  satisfied.",Positive
51,2,2023-02-15,3,Not  worth  the  money.,Negative
30,10,2023-09-22,4,"Good  quality,  but  could  be  cheaper.",Positive
21,13,2023-04-07,4,"Good  quality,  but  could  be  cheaper.",Positive
52,9,2025-07-25,5,Shipping  was  fast  and  the  item  was  well-packaged.,Positive
22,9,2024-10-29,5,The  quality  is  top-notch.,Positive
95,14,2025-04-18,5,Amazing  value  for  the  price.,Positive
8,2,2023-12-15,4,Customer  support  was  very  helpful.,Positive
73,16,2025-06-19,3,"Good  quality,  but  could  be  cheaper.",Positive
86,16,2025-05-27,4,Shipping  was  fast  and  the  item    was  well-packaged.,Positive
91,5,2023-07-31,5,"I  love  this  product,  will  buy  again!",Positive
87,13,2025-02-09,5,Five  stars  for  the  quick  delivery.,Positive
40,6,2024-04-02,4,The  quality  is  top-notch.,Positive
99,12,2023-10-29,3,"Good  quality,  but  could  be  cheaper.",Positive
46,6,2025-07-02,4,Customer  support  was  very  helpful.,Positive
47,11,2024-04-07,5,The  build  quality  is  impressive.,Positive
35,10,2023-07-27,3,"The  product  is  okay,  but  the  instructions  were  unclear.",Positive
55,13,2025-05-05,4,"I  love  this  product,  will  buy  again!",Positive
54,12,2024-04-12,3,"The  product  is  okay,  but  the  instructions  were  unclear.",Positive
3,14,2023-01-09,4,Shipping  was  fast  and  the  item  was  well-packaged.,Positive
72,2,2024-01-28,2,The  product    arrived  late.,Negative
82,5,2023-02-16,4,Five  stars    for  the  quick  delivery.,Positive
25,8,2025-10-24,3,"Average  experience,  nothing  special.",Positive
48,11,2023-07-04,2,Not  worth  the  money.,Negative
31,15,2024-09-23,4,The  quality  is    top-notch.,Positive
82,13,2023-11-17,4,Five  stars  for  the  quick  delivery.,Positive
47,12,2023-10-15,2,"Average  experience,  nothing  special.",Positive
62,15,2023-04-02,5,Shipping  was  fast  and  the  item  was  well-packaged.,Positive
90,12,2024-03-17,5,"Excellent  product,  highly  recommend!",Positive
88,14,2025-08-13,4,Five  stars  for  the  quick  delivery.,Positive
58,13,2025-01-09,5,Shipping  was  fast  and  the  item  was  well-packaged.,Positive
35,12,2024-02-01,4,The  quality  is  top-notch.,Positive
39,5,2023-05-12,5,The  build  quality  is  impressive.,Positive
39,6,2023-08-06,3,Not  worth  the  money.,Negative
20,16,2023-03-19,3,"Good    quality,  but  could  be  cheaper.",Positive
37,5,2025-01-29,5,Five  stars  for  the  quick  delivery.,Positive
51,14,2024-03-27,4,Five  stars  for  the  quick  delivery.,Positive
50,3,2023-05-03,1,The  product  stopped  working  after  a  month.,Neutral
22,18,2023-06-09,5,"Excellent  product,    highly  recommend!",Positive
38,8,2024-04-26,3,Not  worth  the  money.,Negative
91,16,2024-01-25,3,"Good  quality,    but  could  be  cheaper.",Positive
40,1,2023-06-07,5,"Excellent  product,  highly  recommend!",Positive
28,3,2024-11-23,3,"The  product  is  okay,  but  the  instructions  were  unclear.",Positive
56,15,2025-06-14,4,Shipping  was  fast  and  the  item  was  well-packaged.,Positive
82,4,2023-10-12,3,"Good  quality,  but  could  be    cheaper.",Positive
52,5,2025-05-22,4,Five  stars  for  the  quick  delivery.,Positive
74,11,2023-09-12,4,The  quality  is  top-notch.,Positive
50,16,2023-05-15,4,Five  stars  for  the  quick  delivery.,Positive
99,4,2024-01-19,2,Product  did  not  meet  my  expectations.,Neutral
4,17,2024-09-30,2,"Average  experience,  nothing  special.",Positive
23,20,2023-06-25,4,Customer  support  was  very  helpful.,Positive
78,19,2023-12-03,5,The  quality  is  top-notch.,Positive
68,20,2024-06-02,3,"The  product  is    okay,  but  the  instructions  were  unclear.",Positive
6,9,2025-10-22,5,"I  love  this  product,  will  buy  again!",Positive
100,12,2025-07-20,2,"Good  quality,  but  could  be  cheaper.",Positive
10,19,2025-03-19,2,Not  worth  the  money.,Negative
82,15,2024-01-06,4,Customer  support  was  very  helpful.,Positive
77,6,2023-02-11,5,Shipping  was  fast  and  the  item  was  well-packaged.,Positive
80,10,2024-11-06,5,The  build  quality  is  impressive.,Positive
88,13,2025-12-30,4,The  quality  is  top-notch.,Positive
97,2,2025-06-02,5,The  build    quality  is  impressive.,Positive
68,9,2023-12-22,3,"Average  experience,  nothing  special.",Positive
46,19,2023-09-12,4,"I  love  this  product,  will  buy  again!",Positive
29,8,2024-06-16,5,The    build  quality  is  impressive.,Positive
77,12,2024-10-26,1,Product  did  not  meet  my  expectations.,Neutral
62,8,2025-03-02,5,Customer  support  was  very  helpful.,Positive
73,5,2025-01-19,3,Five  stars  for  the  quick  delivery.,Positive
81,4,2024-12-23,3,The  quality  is  top-notch.,Positive
18,5,2024-02-28,3,"Average  experience,  nothing  special.",Positive
28,12,2023-03-07,2,Disappointed  with  the  performance.,Negative
24,17,2023-04-01,5,Customer    support  was  very  helpful.,Positive
4,2,2024-04-24,4,Shipping  was  fast  and  the  item  was  well-packaged.,Positive
75,18,2025-08-09,4,The  quality  is  top-notch.,Positive
24,8,2024-01-29,5,The  build  quality    is  impressive.,Positive
61,8,2024-02-25,5,"Excellent  product,  highly  recommend!",Positive
88,15,2024-02-10,4,Shipping  was  fast  and  the  item  was  well-packaged.,Positive
79,5,2025-05-09,5,"Excellent  product,  highly  recommend!",Positive
94,2,2024-10-11,4,"Good  quality,  but    could  be  cheaper.",Positive
67,13,2023-12-24,3,Not  worth  the  money.,Negative
90,3,2024-02-19,5,Five  stars  for  the  quick  delivery.,Positive
46,15,2025-01-19,5,Customer  support  was  very  helpful.,Positive
23,14,2025-11-05,3,Customer    support  was  very  helpful.,Positive
53,10,2023-06-17,5,"Excellent  product,  highly  recommend!",Positive
9,19,2023-07-09,2,Disappointed  with  the  performance.,Negative
1,12,2025-01-09,5,Exceeded  my  expectations!,Neutral
79,18,2024-06-16,3,"Good  quality,  but  could  be  cheaper.",Positive
13,12,2025-07-16,1,The  product  stopped  working  after  a  month.,Neutral
99,20,2024-07-29,4,The  quality  is  top-notch.,Positive
59,9,2025-01-29,5,The  quality  is  top-notch.,Positive
97,7,2025-12-26,5,Five  stars  for  the  quick  delivery.,Positive
10,19,2023-01-01,5,Shipping  was  fast  and  the    item  was  well-packaged.,Positive
55,10,2024-06-08,2,The  product  arrived  late.,Negative
15,11,2023-10-04,3,"Good  quality,  but  could  be  cheaper.",Positive
69,3,2023-01-04,3,"Good  quality,  but  could  be  cheaper.",Positive
20,12,2024-02-06,5,The  quality  is  top-notch.,Positive
63,15,2024-11-10,5,The  build  quality    is  impressive.,Positive
50,19,2024-08-21,5,The  quality  is  top-notch.,Positive
93,16,2025-09-21,5,Exceeded  my  expectations!,Neutral
97,19,2025-06-24,4,"Great  purchase,  very  satisfied.",Positive
78,4,2023-12-19,4,Customer  support  was  very  helpful.,Positive
49,4,2024-01-12,2,"Average  experience,  nothing  special.",Positive
33,15,2025-04-03,5,The    build  quality  is  impressive.,Positive
76,3,2025-08-09,4,"Great  purchase,  very  satisfied.",Positive
69,3,2025-08-24,4,Shipping  was  fast  and  the  item  was  well-packaged.,Positive
78,6,2025-07-04,5,"Excellent  product,  highly  recommend!",Positive
74,15,2025-05-27,5,"Excellent  product,  highly  recommend!",Positive
45,10,2023-12-28,3,"Average  experience,  nothing  special.",Positive
43,6,2024-09-08,1,I  had  a  bad  experience  with  this  product.,Negative
84,7,2025-07-31,3,Not  worth  the  money.,Negative
64,18,2025-06-19,5,Five  stars  for  the  quick  delivery.,Positive
28,8,2025-02-25,3,"Good  quality,  but  could  be  cheaper.",Positive
70,15,2023-08-21,4,"I  love  this  product,  will  buy  again!",Positive
91,4,2023-02-06,3,"Average  experience,  nothing  special.",Positive
5,18,2023-12-25,5,Exceeded  my  expectations!,Neutral
5,12,2025-10-01,5,Shipping  was  fast  and  the  item  was  well-packaged.,Positive
80,11,2025-10-15,4,"I  love  this  product,  will  buy  again!",Positive
66,9,2023-06-11,4,"Great  purchase,  very  satisfied.",Positive
17,2,2023-04-05,5,"Great  purchase,    very  satisfied.",Positive
32,20,2023-12-28,3,Not  worth  the  money.,Negative
16,4,2024-08-19,1,The    product  arrived  late.,Negative
60,19,2023-08-27,5,"Excellent  product,  highly  recommend!",Positive
80,19,2024-05-21,3,"Average  experience,  nothing  special.",Positive
7,2,2025-06-13,5,"Excellent  product,  highly  recommend!",Positive
11,13,2023-03-01,3,Not  worth  the  money.,Negative
89,2,2023-11-19,5,Exceeded    my  expectations!,Neutral
57,16,2024-06-07,5,"Excellent  product,  highly  recommend!",Positive
70,15,2024-10-30,1,The  product  arrived  late.,Negative
92,1,2024-06-25,4,Customer  support  was  very  helpful.,Positive
71,7,2024-09-16,4,The  quality  is  top-notch.,Positive
89,17,2024-04-04,4,Shipping  was  fast  and  the  item  was  well-packaged.,Positive
14,11,2023-08-04,4,"Great  purchase,  very  satisfied.",Positive
28,17,2023-04-28,3,Not  worth  the    money.,Negative
2,19,2025-07-20,4,"Great  purchase,  very  satisfied.",Positive
19,18,2024-11-06,4,The  quality  is  top-notch.,Positive
73,17,2025-12-04,5,The  quality    is  top-notch.,Positive
50,12,2023-07-06,4,The  quality  is  top-notch.,Positive
90,18,2025-06-27,5,The  build  quality  is  impressive.,Positive
16,15,2024-07-11,5,"Great  purchase,  very  satisfied.",Positive
53,10,2024-04-03,5,Five  stars  for    the  quick  delivery.,Positive
67,8,2024-10-24,4,"Good  quality,  but  could  be  cheaper.",Positive
30,18,2023-10-04,5,Customer  support    was  very  helpful.,Positive
82,19,2024-10-11,2,Not  worth  the  money.,Negative
14,9,2023-12-23,5,Customer  support  was  very  helpful.,Positive
100,10,2025-08-27,4,"Great  purchase,  very  satisfied.",Positive
68,7,2025-03-28,2,Product  did  not  meet  my  expectations.,Neutral
53,11,2023-04-14,5,Amazing  value  for  the  price.,Positive
81,18,2024-01-14,5,Customer  support  was  very  helpful.,Positive
8,9,2025-11-09,5,Shipping  was    fast  and  the  item  was  well-packaged.,Positive
49,7,2025-05-28,5,"Great  purchase,  very  satisfied.",Positive
25,8,2023-01-26,2,The  product  arrived  late.,Negative
42,17,2023-08-31,4,"Good  quality,  but  could    be  cheaper.",Positive
57,6,2025-05-23,3,"I  love  this  product,  will  buy    again!",Positive
18,16,2025-11-12,3,"Great  purchase,  very  satisfied.",Positive
82,14,2025-11-30,5,"Great  purchase,  very  satisfied.",Positive
93,8,2024-08-08,2,The  product  arrived  late.,Negative
75,5,2024-08-17,5,"I  love  this  product,    will  buy  again!",Positive
30,14,2025-01-20,5,"Great  purchase,  very    satisfied.",Positive
57,1,2023-11-30,4,"I  love  this  product,  will  buy  again!",Positive
31,17,2025-06-01,4,"I  love  this  product,  will  buy  again!",Positive
55,18,2025-04-27,5,Exceeded  my  expectations!,Neutral
81,7,2024-09-02,2,Product  did  not  meet  my  expectations.,Neutral
7,17,2024-09-18,5,Shipping  was  fast  and  the  item  was  well-packaged.,Positive
73,5,2024-03-13,3,"The  product  is    okay,  but  the  instructions  were  unclear.",Positive
37,8,2024-02-21,3,"Good  quality,  but  could  be  cheaper.",Positive
87,1,2023-05-24,5,Five  stars  for  the  quick  delivery.,Positive
60,3,2023-02-07,4,Five  stars  for  the  quick  delivery.,Positive
94,17,2024-10-20,1,"Not  satisfied,  the  product  broke  after  a  week.",Negative
15,9,2025-06-13,4,Customer    support  was  very  helpful.,Positive
49,15,2024-02-07,5,"Excellent  product,  highly  recommend!",Positive
66,5,2025-02-28,3,"Good  quality,  but  could  be  cheaper.",Positive
62,17,2024-03-11,3,"Good  quality,  but  could  be  cheaper.",Positive
22,19,2025-02-08,4,"Great  purchase,  very  satisfied.",Positive
92,10,2023-11-08,5,"Great    purchase,  very  satisfied.",Positive
8,7,2024-01-20,5,"I  love  this  product,  will    buy  again!",Positive
60,5,2025-12-19,3,Not  worth  the  money.,Negative
53,1,2024-08-04,4,The  quality  is  top-notch.,Positive
79,6,2024-08-08,2,"Average  experience,  nothing  special.",Positive
72,2,2025-12-19,4,Shipping  was  fast  and  the  item  was    well-packaged.,Positive
72,5,2025-01-23,3,"Average    experience,  nothing  special.",Positive
11,10,2025-10-23,1,Not  worth  the  money.,Negative
20,2,2024-06-10,3,"Good  quality,  but  could  be  cheaper.",Positive
87,8,2024-12-10,5,Exceeded    my  expectations!,Neutral
68,3,2024-06-30,3,Not  worth    the  money.,Negative
45,4,2024-02-16,5,The  quality  is  top-notch.,Positive
42,8,2025-12-15,5,Five  stars  for  the  quick  delivery.,Positive
80,4,2025-08-12,2,Disappointed  with  the  performance.,Negative
93,10,2023-02-05,4,Customer  support  was  very  helpful.,Positive
80,1,2023-11-13,5,Amazing  value  for  the  price.,Positive
66,15,2023-06-13,3,"Average  experience,  nothing  special.",Positive
47,6,2025-09-02,5,Exceeded  my  expectations!,Neutral
12,18,2023-08-08,4,Five  stars  for  the  quick  delivery.,Positive
46,17,2024-08-26,2,Disappointed  with    the  performance.,Negative
48,9,2023-09-20,3,"Average    experience,  nothing  special.",Positive
72,7,2023-05-07,5,"Great  purchase,  very  satisfied.",Positive
81,20,2023-04-29,4,Customer  support    was  very  helpful.,Positive
65,14,2025-07-01,4,Shipping  was  fast  and  the  item  was  well-packaged.,Positive
85,4,2024-07-11,5,The  quality  is  top-notch.,Positive
60,6,2023-10-06,3,Not  worth    the  money.,Negative
39,13,2024-02-09,4,The  quality  is    top-notch.,Positive
72,16,2025-07-11,4,"I  love  this  product,  will  buy  again!",Positive
64,10,2024-04-28,4,The  quality    is  top-notch.,Positive
82,14,2025-12-24,4,Exceeded  my  expectations!,Neutral
74,10,2024-02-19,4,Five  stars  for  the  quick  delivery.,Positive
24,1,2025-08-14,1,Not  worth  the  money.,Negative
52,2,2023-06-06,5,Customer  support  was  very  helpful.,Positive
52,10,2024-11-05,2,"Good  quality,  but    could  be  cheaper.",Positive
20,11,2023-09-28,4,"I  love  this  product,  will  buy  again!",Positive
25,17,2023-06-22,5,The  quality  is  top-notch.,Positive
54,8,2025-09-13,3,"Good  quality,  but  could  be  cheaper.",Positive
88,19,2023-01-18,3,Not  worth  the  money.,Negative
58,12,2023-09-24,5,The  quality  is  top-notch.,Positive
7,19,2023-04-24,2,The  product  arrived  late.,Negative
67,2,2024-09-24,3,"The    product  is  okay,  but  the  instructions  were  unclear.",Positive
2,12,2025-10-04,1,Not  worth  the  money.,Negative
81,12,2024-07-15,4,"Good  quality,  but  could  be    cheaper.",Positive
89,19,2025-03-12,5,"Excellent  product,  highly  recommend!",Positive
69,17,2024-10-04,2,Product  did  not  meet  my  expectations.,Neutral
77,8,2025-06-09,5,"I  love  this  product,  will  buy  again!",Positive
52,7,2023-09-30,3,"Good  quality,  but  could  be  cheaper.",Positive
30,6,2024-04-01,3,"The  product  is  okay,  but  the  instructions  were  unclear.",Positive
90,2,2024-05-20,4,Shipping  was  fast  and  the  item    was  well-packaged.,Positive
16,5,2024-03-15,5,The  quality  is  top-notch.,Positive
23,2,2024-11-07,5,Exceeded  my  expectations!,Neutral
86,11,2023-06-11,4,Shipping  was  fast  and  the  item  was  well-packaged.,Positive
61,8,2025-09-16,5,The  build  quality  is  impressive.,Positive
60,9,2025-10-26,4,"Good  quality,    but  could  be  cheaper.",Positive
87,5,2024-08-14,3,"Average  experience,  nothing  special.",Positive
82,1,2024-08-13,4,"Excellent  product,  highly  recommend!",Positive
44,18,2025-07-02,4,"I  love  this  product,  will  buy  again!",Positive
6,11,2024-04-14,4,Customer  support  was  very  helpful.,Positive
79,13,2025-05-28,4,"Great  purchase,  very  satisfied.",Positive
20,11,2023-11-29,3,"Good  quality,  but  could  be  cheaper.",Positive
99,3,2024-03-22,4,Customer  support  was  very  helpful.,Positive
77,15,2024-05-09,3,"Average  experience,  nothing  special.",Positive
24,4,2025-01-26,1,The    product  arrived  late.,Negative
89,1,2023-09-03,4,Customer  support  was  very  helpful.,Positive
36,13,2024-05-16,3,"Average    experience,  nothing  special.",Positive
46,5,2025-02-03,4,"Great  purchase,    very  satisfied.",Positive
53,8,2024-10-12,4,"I  love  this  product,    will  buy  again!",Positive
96,17,2025-11-19,3,"Good    quality,  but  could  be  cheaper.",Positive
71,13,2023-01-29,5,"Great  purchase,  very  satisfied.",Positive
11,18,2023-05-16,4,"Good  quality,  but  could  be  cheaper.",Positive
2,2,2025-06-30,5,The  build  quality    is  impressive.,Positive
63,2,2025-03-17,5,Amazing  value  for  the  price.,Positive
85,14,2023-05-28,4,"I    love  this  product,  will  buy  again!",Positive
40,20,2025-05-24,2,"The  product  is  okay,  but  the  instructions  were  unclear.",Positive
24,8,2025-11-08,1,The  product  arrived  late.,Negative
28,1,2024-02-13,3,"Average  experience,  nothing  special.",Positive
84,6,2024-07-20,1,Product  did  not  meet  my    expectations.,Neutral
74,10,2024-11-26,1,I  had  a  bad  experience  with  this  product.,Negative
32,3,2025-02-25,2,The  product  arrived  late.,Negative
70,16,2024-04-15,1,Product  did  not  meet  my  expectations.,Neutral
61,17,2025-10-27,1,Product  did    not  meet  my  expectations.,Neutral
36,10,2025-12-27,4,Customer  support  was  very  helpful.,Positive
66,12,2024-08-07,3,"I  love  this  product,  will  buy  again!",Positive
69,4,2024-06-09,5,"Great  purchase,  very  satisfied.",Positive
37,9,2025-05-20,2,"Average  experience,  nothing  special.",Positive
97,11,2025-12-23,4,Customer  support  was  very  helpful.,Positive
45,19,2024-01-03,2,Not  worth  the  money.,Negative
24,12,2025-05-31,2,Not  worth  the  money.,Negative
88,5,2025-06-02,4,The  quality  is  top-notch.,Positive
72,4,2024-06-15,5,Amazing  value  for  the    price.,Positive
6,3,2023-12-06,3,"The  product  is  okay,  but  the  instructions  were  unclear.",Positive
39,11,2025-04-03,4,"I  love  this  product,  will  buy  again!",Positive
43,15,2025-03-06,4,The  quality  is  top-notch.,Positive
95,9,2023-11-27,1,"Not  satisfied,  the    product  broke  after  a  week.",Negative
89,4,2023-10-09,3,"Average  experience,  nothing  special.",Positive
44,13,2025-02-01,2,Disappointed  with  the  performance.,Negative
76,19,2024-11-01,5,The  quality  is  top-notch.,Positive
62,7,2025-07-10,3,Not  worth    the  money.,Negative
64,7,2023-06-21,2,"Average  experience,  nothing    special.",Positive
91,1,2025-06-03,5,Customer  support  was  very  helpful.,Positive
39,4,2025-04-10,5,The  build  quality  is  impressive.,Positive
31,20,2025-05-16,5,The  quality  is  top-notch.,Positive
55,18,2023-10-14,5,"Excellent  product,  highly  recommend!",Positive
47,6,2024-10-14,2,The  product  arrived  late.,Negative
21,11,2025-07-16,4,Shipping  was  fast  and  the  item  was  well-packaged.,Positive
45,19,2024-02-14,5,"I  love  this  product,  will  buy  again!",Positive
22,10,2025-04-11,4,Five  stars  for  the  quick  delivery.,Positive
69,9,2024-02-01,3,"The  product  is  okay,  but  the  instructions  were  unclear.",Positive
30,20,2023-07-23,1,"Not  satisfied,  the  product  broke    after  a  week.",Negative
50,14,2025-06-25,5,The  quality  is    top-notch.,Positive
34,5,2024-06-30,5,The  quality  is  top-notch.,Positive
53,8,2024-05-08,5,"Excellent    product,  highly  recommend!",Positive
9,20,2025-05-29,5,Customer  support  was  very  helpful.,Positive
14,15,2025-04-18,4,The  quality  is  top-notch.,Positive
23,17,2024-01-03,1,"Terrible    customer  service,  would  not  buy  again.",Negative
90,10,2024-01-16,3,Not  worth    the  money.,Negative
28,4,2023-05-25,3,Not  worth  the  money.,Negative
58,12,2023-11-13,2,"Average    experience,  nothing  special.",Positive
96,15,2023-03-07,5,Customer  support  was  very  helpful.,Positive
99,2,2025-12-03,1,Product  did  not  meet  my  expectations.,Neutral
16,4,2024-07-16,2,The  product  arrived  late.,Negative
